# ************************************************************
# Sequel Pro SQL dump
# Version 4541
#
# http://www.sequelpro.com/
# https://github.com/sequelpro/sequelpro
#
# Host: 127.0.0.1 (MySQL 5.7.21)
# Database: construction
# Generation Time: 2018-07-16 18:27:53 +0000
# ************************************************************


/*!40101 SET @OLD_CHARACTER_SET_CLIENT=@@CHARACTER_SET_CLIENT */;
/*!40101 SET @OLD_CHARACTER_SET_RESULTS=@@CHARACTER_SET_RESULTS */;
/*!40101 SET @OLD_COLLATION_CONNECTION=@@COLLATION_CONNECTION */;
/*!40101 SET NAMES utf8 */;
/*!40014 SET @OLD_FOREIGN_KEY_CHECKS=@@FOREIGN_KEY_CHECKS, FOREIGN_KEY_CHECKS=0 */;
/*!40101 SET @OLD_SQL_MODE=@@SQL_MODE, SQL_MODE='NO_AUTO_VALUE_ON_ZERO' */;
/*!40111 SET @OLD_SQL_NOTES=@@SQL_NOTES, SQL_NOTES=0 */;


# Dump of table contract
# ------------------------------------------------------------

DROP TABLE IF EXISTS `contract`;

CREATE TABLE `contract` (
  `id` int(11) NOT NULL AUTO_INCREMENT,
  `code` varchar(45) NOT NULL,
  `project_id` int(11) NOT NULL,
  `contract_type` varchar(30) NOT NULL,
  `plan` varchar(45) NOT NULL,
  `house_id` varchar(100) NOT NULL,
  `price` decimal(15,2) NOT NULL DEFAULT '0.00',
  `date_start` date DEFAULT NULL,
  `paid` decimal(15,2) DEFAULT NULL,
  `status` enum('wait','ip','done') NOT NULL DEFAULT 'wait',
  `assign` int(11) DEFAULT NULL,
  `created_at` datetime NOT NULL DEFAULT CURRENT_TIMESTAMP,
  PRIMARY KEY (`id`),
  UNIQUE KEY `code_UNIQUE` (`code`)
) ENGINE=InnoDB DEFAULT CHARSET=utf8;

LOCK TABLES `contract` WRITE;
/*!40000 ALTER TABLE `contract` DISABLE KEYS */;

INSERT INTO `contract` (`id`, `code`, `project_id`, `contract_type`, `plan`, `house_id`, `price`, `date_start`, `paid`, `status`, `assign`, `created_at`)
VALUES
	(19,'DB0001',11,'10 งวด','F03','198PWY',2300000.00,'2018-07-11',230000.00,'ip',9,'2018-07-11 23:34:49');

/*!40000 ALTER TABLE `contract` ENABLE KEYS */;
UNLOCK TABLES;


# Dump of table contract_preiod
# ------------------------------------------------------------

DROP TABLE IF EXISTS `contract_preiod`;

CREATE TABLE `contract_preiod` (
  `id` int(11) NOT NULL AUTO_INCREMENT,
  `house_id` varchar(100) NOT NULL,
  `time` tinyint(2) NOT NULL,
  `preiod` tinyint(3) NOT NULL DEFAULT '0',
  `created_at` datetime NOT NULL DEFAULT CURRENT_TIMESTAMP,
  PRIMARY KEY (`id`)
) ENGINE=InnoDB DEFAULT CHARSET=utf8;

LOCK TABLES `contract_preiod` WRITE;
/*!40000 ALTER TABLE `contract_preiod` DISABLE KEYS */;

INSERT INTO `contract_preiod` (`id`, `house_id`, `time`, `preiod`, `created_at`)
VALUES
	(11,'198PWY',1,17,'2018-05-23 23:32:14'),
	(12,'198PWY',2,12,'2018-05-23 23:32:14'),
	(13,'198PWY',3,13,'2018-05-23 23:32:14'),
	(14,'198PWY',4,12,'2018-05-23 23:32:14'),
	(15,'198PWY',5,12,'2018-05-23 23:32:14'),
	(16,'198PWY',6,15,'2018-05-23 23:32:14'),
	(17,'198PWY',7,15,'2018-05-23 23:32:14'),
	(18,'198PWY',8,25,'2018-05-23 23:32:14'),
	(19,'198PWY',9,12,'2018-05-23 23:32:14'),
	(20,'198PWY',10,15,'2018-05-23 23:32:14'),
	(21,'119PWY',1,15,'2018-05-23 23:32:14'),
	(22,'119PWY',2,10,'2018-05-23 23:32:14'),
	(23,'119PWY',3,10,'2018-05-23 23:32:14'),
	(24,'119PWY',4,10,'2018-05-23 23:32:14'),
	(25,'119PWY',5,10,'2018-05-23 23:32:14'),
	(26,'119PWY',6,10,'2018-05-23 23:32:14'),
	(27,'119PWY',7,8,'2018-05-23 23:32:14'),
	(28,'119PWY',8,10,'2018-05-23 23:32:14'),
	(29,'119PWY',9,7,'2018-05-23 23:32:14'),
	(30,'119PWY',10,15,'2018-05-23 23:32:14'),
	(41,'169PWY',1,17,'2018-05-23 23:32:14'),
	(42,'169PWY',2,12,'2018-05-23 23:32:14'),
	(43,'169PWY',3,13,'2018-05-23 23:32:14'),
	(44,'169PWY',4,12,'2018-05-23 23:32:14'),
	(45,'169PWY',5,12,'2018-05-23 23:32:14'),
	(46,'169PWY',6,15,'2018-05-23 23:32:14'),
	(47,'169PWY',7,15,'2018-05-23 23:32:14'),
	(48,'169PWY',8,25,'2018-05-23 23:32:14'),
	(49,'169PWY',9,12,'2018-05-23 23:32:14'),
	(50,'169PWY',10,15,'2018-05-23 23:32:14'),
	(51,'237PWY',1,20,'2018-05-23 23:32:14'),
	(52,'237PWY',2,15,'2018-05-23 23:32:14'),
	(53,'237PWY',3,15,'2018-05-23 23:32:14'),
	(54,'237PWY',4,15,'2018-05-23 23:32:14'),
	(55,'237PWY',5,14,'2018-05-23 23:32:14'),
	(56,'237PWY',6,16,'2018-05-23 23:32:14'),
	(57,'237PWY',7,18,'2018-05-23 23:32:14'),
	(58,'237PWY',8,25,'2018-05-23 23:32:14'),
	(59,'237PWY',9,12,'2018-05-23 23:32:14'),
	(60,'237PWY',10,15,'2018-05-23 23:32:14'),
	(61,'105PWY',1,10,'2018-05-23 23:32:14'),
	(62,'105PWY',2,8,'2018-05-23 23:32:14'),
	(63,'105PWY',3,10,'2018-05-23 23:32:14'),
	(64,'105PWY',4,10,'2018-05-23 23:32:14'),
	(65,'105PWY',5,8,'2018-05-23 23:32:14'),
	(66,'105PWY',6,9,'2018-05-23 23:32:14'),
	(67,'105PWY',7,8,'2018-05-23 23:32:14'),
	(68,'105PWY',8,10,'2018-05-23 23:32:14'),
	(69,'105PWY',9,7,'2018-05-23 23:32:14'),
	(70,'105PWY',10,10,'2018-05-23 23:32:14'),
	(72,'142PWY',1,15,'2018-05-23 23:32:14'),
	(73,'142PWY',2,10,'2018-05-23 23:32:14'),
	(74,'142PWY',3,10,'2018-05-23 23:32:14'),
	(75,'142PWY',4,12,'2018-05-23 23:32:14'),
	(76,'142PWY',5,12,'2018-05-23 23:32:14'),
	(77,'142PWY',6,12,'2018-05-23 23:32:14'),
	(78,'142PWY',7,12,'2018-05-23 23:32:14'),
	(79,'142PWY',8,12,'2018-05-23 23:32:14'),
	(80,'142PWY',9,10,'2018-05-23 23:32:14'),
	(81,'142PWY',10,15,'2018-05-23 23:32:14');

/*!40000 ALTER TABLE `contract_preiod` ENABLE KEYS */;
UNLOCK TABLES;


# Dump of table contract_progress
# ------------------------------------------------------------

DROP TABLE IF EXISTS `contract_progress`;

CREATE TABLE `contract_progress` (
  `id` int(11) NOT NULL AUTO_INCREMENT,
  `contract_code` varchar(45) NOT NULL,
  `time` tinyint(2) NOT NULL,
  `order` tinyint(2) NOT NULL,
  `order_all` tinyint(3) NOT NULL,
  `name` varchar(255) NOT NULL,
  `start_date` date DEFAULT NULL,
  `end_date` date DEFAULT NULL,
  `real_date` date DEFAULT NULL,
  `delay` tinyint(3) NOT NULL,
  `condition` tinyint(3) DEFAULT NULL,
  `status` enum('pending','wait','ip','done') NOT NULL,
  `created_at` datetime DEFAULT CURRENT_TIMESTAMP,
  `contract_progresscol` varchar(45) DEFAULT NULL,
  PRIMARY KEY (`id`)
) ENGINE=InnoDB DEFAULT CHARSET=utf8;

LOCK TABLES `contract_progress` WRITE;
/*!40000 ALTER TABLE `contract_progress` DISABLE KEYS */;

INSERT INTO `contract_progress` (`id`, `contract_code`, `time`, `order`, `order_all`, `name`, `start_date`, `end_date`, `real_date`, `delay`, `condition`, `status`, `created_at`, `contract_progresscol`)
VALUES
	(3216,'DB0001',1,1,1,'ทำสัญญาก่อสร้าง','2018-07-17','2018-07-17','2018-07-17',0,0,'done','2018-07-17 01:02:30',NULL),
	(3217,'DB0001',1,2,2,' ถังบำบัดน้ำเสีย-บ่อดักไขมัน-ถังเก็บน้ำใต้ดิน','2018-08-01','2018-08-04','2018-07-17',-18,1,'done','2018-07-17 01:02:30',NULL),
	(3218,'DB0001',1,3,3,'งานเดินท่อประปาใต้อาคาร','2018-07-17','2018-07-24','2018-07-17',-7,1,'done','2018-07-17 01:02:30',NULL),
	(3219,'DB0001',1,4,4,'งานเทพื้นชั้น 1 100%','2018-07-26','2018-08-02','2018-07-17',-16,1,'done','2018-07-17 01:02:30',NULL),
	(3220,'DB0001',2,1,6,'งานเชิงชาย+ผนังไม้สำเร็จรูป','2018-08-09','2018-08-14','2018-07-17',-28,5,'done','2018-07-17 01:02:30',NULL),
	(3221,'DB0001',1,5,5,'งานโครงหลังคารอบบน','2018-07-25','2018-07-29','2018-07-17',-12,1,'done','2018-07-17 01:02:30',NULL),
	(3222,'DB0001',2,2,7,' งานหล่อเคาน์เตอร์ครัว','2018-07-30','2018-08-04','2018-07-17',-18,5,'done','2018-07-17 01:02:30',NULL),
	(3223,'DB0001',2,3,8,' งานเดินท่อประปาภายในอาคาร','2018-07-25','2018-08-01','2018-07-17',-15,3,'done','2018-07-17 01:02:30',NULL),
	(3224,'DB0001',2,4,9,'มุงหลังคารอบบน',NULL,NULL,NULL,0,NULL,'wait','2018-07-17 01:02:30',NULL),
	(3225,'DB0001',3,1,10,' งานก่ออิฐ 100%','2018-08-05','2018-08-14','2018-07-17',-28,8,'done','2018-07-17 01:02:30',NULL),
	(3226,'DB0001',3,2,11,'งานฉาบปูน (ไม่รวมผนังในห้องน้ำ)','2018-08-18','2018-08-27','2018-07-17',-41,10,'done','2018-07-17 01:02:30',NULL),
	(3227,'DB0001',3,3,12,'งานบัวผนังภายนอก','2018-08-15','2018-08-19','2018-07-17',-33,10,'done','2018-07-17 01:02:30',NULL),
	(3228,'DB0001',4,2,14,'งานร้อยสายไฟภายในอาคาร','2018-09-05','2018-09-10',NULL,0,11,'ip','2018-07-17 01:02:30',NULL),
	(3229,'DB0001',4,1,13,' งานผนังห้องน้ำบน-ล่างและเคาน์เตอร์ครัว','2018-08-27','2018-09-10',NULL,0,11,'ip','2018-07-17 01:02:30',NULL),
	(3230,'DB0001',4,3,15,'งานฝ้าภายนอกรอบบน100%','2018-08-31','2018-09-10',NULL,0,11,'ip','2018-07-17 01:02:30',NULL),
	(3231,'DB0001',5,1,16,' งานโครงฝ้าภายในอาคาร(ชั้นล่าง)','2018-09-10','2018-09-22',NULL,0,15,'wait','2018-07-17 01:02:30',NULL),
	(3232,'DB0001',5,2,17,' งานโครงฝ้าภายในอาคาร(ชั้นล่าง)','2018-09-11','2018-09-16',NULL,0,13,'wait','2018-07-17 01:02:30',NULL),
	(3233,'DB0001',5,3,18,'งานมุงหลังคารอบล่าง',NULL,NULL,NULL,0,NULL,'wait','2018-07-17 01:02:30',NULL),
	(3234,'DB0001',6,1,20,'งานหน้าต่างชั้นบน',NULL,NULL,NULL,0,NULL,'wait','2018-07-17 01:02:30',NULL),
	(3235,'DB0001',6,4,23,'งานฝ้าภายนอกรอบล่างทั้งหมด','2018-09-22','2018-09-26',NULL,0,16,'wait','2018-07-17 01:02:30',NULL),
	(3236,'DB0001',6,3,22,'งานท่อภายนอกทั้งหมด','2018-09-26','2018-09-29',NULL,0,19,'wait','2018-07-17 01:02:30',NULL),
	(3237,'DB0001',6,2,21,' งานบันไดไม้50%(เสา,ราวลูกกรง)','2018-09-18','2018-09-20',NULL,0,17,'wait','2018-07-17 01:02:30',NULL),
	(3238,'DB0001',5,4,19,'สีภายนอกช่วงบน','2018-09-03','2018-09-18',NULL,0,11,'ip','2018-07-17 01:02:30',NULL),
	(3239,'DB0001',7,1,25,' งานสีจริงภายนอกช่วงล่าง80%','2018-10-07','2018-10-17',NULL,0,24,'wait','2018-07-17 01:02:30',NULL),
	(3240,'DB0001',6,5,24,'งานฝ้าภายใน100%','2018-09-26','2018-10-07',NULL,0,23,'wait','2018-07-17 01:02:30',NULL),
	(3241,'DB0001',7,2,26,'งานสีภายใน รองพื้น แต่งผิว','2018-10-17','2018-11-01',NULL,0,25,'wait','2018-07-17 01:02:30',NULL),
	(3242,'DB0001',7,3,27,'งานบันไดไม้100%(ลูกนอน+ชานพัก)','2018-09-20','2018-09-27',NULL,0,21,'wait','2018-07-17 01:02:30',NULL),
	(3243,'DB0001',7,4,28,'งานปูพื้นผิวชั้นล่างและห้องน้ำชั้นล่าง','2018-09-27','2018-10-22',NULL,0,17,'wait','2018-07-17 01:02:30',NULL),
	(3244,'DB0001',7,5,29,'งานถนน+ซักล้าง','2018-10-07','2018-10-14',NULL,0,22,'wait','2018-07-17 01:02:30',NULL),
	(3245,'DB0001',8,1,30,' ติดตั้งไม้พื้นสำเร็จรูปลามิเนต',NULL,NULL,NULL,0,NULL,'wait','2018-07-17 01:02:30',NULL),
	(3246,'DB0001',8,2,31,' งานไฟฟ้า (อุปกรณ์)','2018-10-10','2018-10-15',NULL,0,14,'wait','2018-07-17 01:02:30',NULL),
	(3247,'DB0001',8,4,33,' งานสุขภัณฑ์และอุปกรณ์','2018-11-07','2018-11-16',NULL,0,28,'wait','2018-07-17 01:02:30',NULL),
	(3248,'DB0001',8,3,32,' งานประตู+หน้าต่าง100%','2018-11-01','2018-11-08',NULL,0,28,'wait','2018-07-17 01:02:30',NULL),
	(3249,'DB0001',9,2,35,' *เก็บทำความสะอาด(ส่งงวด9)','2018-11-16','2018-11-28',NULL,0,33,'wait','2018-07-17 01:02:30',NULL),
	(3250,'DB0001',9,1,34,' เก็บงานสีก่อนหมวด 6','2018-11-01','2018-11-16',NULL,0,26,'wait','2018-07-17 01:02:30',NULL),
	(3251,'DB0001',10,1,36,' สั่งจ่ายงวด 10','2018-11-28','2018-12-13',NULL,0,35,'wait','2018-07-17 01:02:30',NULL);

/*!40000 ALTER TABLE `contract_progress` ENABLE KEYS */;
UNLOCK TABLES;


# Dump of table contract_times
# ------------------------------------------------------------

DROP TABLE IF EXISTS `contract_times`;

CREATE TABLE `contract_times` (
  `id` int(11) NOT NULL AUTO_INCREMENT,
  `contract_code` varchar(45) NOT NULL,
  `time` tinyint(2) NOT NULL DEFAULT '0',
  `price` decimal(15,2) DEFAULT '0.00',
  `is_success` tinyint(1) NOT NULL DEFAULT '0',
  `date_start` date DEFAULT NULL,
  `date_end` date DEFAULT NULL,
  `created_at` datetime NOT NULL DEFAULT CURRENT_TIMESTAMP,
  PRIMARY KEY (`id`)
) ENGINE=InnoDB DEFAULT CHARSET=utf8;

LOCK TABLES `contract_times` WRITE;
/*!40000 ALTER TABLE `contract_times` DISABLE KEYS */;

INSERT INTO `contract_times` (`id`, `contract_code`, `time`, `price`, `is_success`, `date_start`, `date_end`, `created_at`)
VALUES
	(1,'DB0001',3,230000.00,0,'2018-08-11','2018-08-24','2018-07-11 23:34:49'),
	(2,'DB0001',4,230000.00,0,'2018-08-25','2018-09-06','2018-07-11 23:34:49'),
	(3,'DB0001',1,345000.00,0,'2018-07-11','2018-07-28','2018-07-11 23:34:49'),
	(4,'DB0001',2,115000.00,0,'2018-07-29','2018-08-10','2018-07-11 23:34:49'),
	(5,'DB0001',5,230000.00,0,'2018-09-07','2018-09-19','2018-07-11 23:34:49'),
	(6,'DB0001',6,345000.00,0,'2018-09-20','2018-10-05','2018-07-11 23:34:49'),
	(7,'DB0001',7,207000.00,0,'2018-10-06','2018-10-21','2018-07-11 23:34:49'),
	(8,'DB0001',8,460000.00,0,'2018-10-22','2018-11-16','2018-07-11 23:34:49'),
	(9,'DB0001',10,69000.00,0,'2018-11-30','2018-12-15','2018-07-11 23:34:49'),
	(10,'DB0001',9,69000.00,0,'2018-11-17','2018-11-29','2018-07-11 23:34:49');

/*!40000 ALTER TABLE `contract_times` ENABLE KEYS */;
UNLOCK TABLES;


# Dump of table house
# ------------------------------------------------------------

DROP TABLE IF EXISTS `house`;

CREATE TABLE `house` (
  `id` int(11) NOT NULL AUTO_INCREMENT,
  `plan` varchar(50) DEFAULT NULL,
  `name` varchar(100) NOT NULL,
  `type` tinyint(1) NOT NULL,
  `tile` varchar(50) DEFAULT NULL,
  `garage` enum('none','left','right') DEFAULT NULL,
  `stair` enum('none','left','right') DEFAULT NULL,
  `color` varchar(45) DEFAULT NULL,
  `created_at` datetime DEFAULT CURRENT_TIMESTAMP,
  PRIMARY KEY (`id`)
) ENGINE=InnoDB DEFAULT CHARSET=utf8;

LOCK TABLES `house` WRITE;
/*!40000 ALTER TABLE `house` DISABLE KEYS */;

INSERT INTO `house` (`id`, `plan`, `name`, `type`, `tile`, `garage`, `stair`, `color`, `created_at`)
VALUES
	(1,'G03','098SW319I',1,'098SW-8SR2','none','none','B3PW1','2018-05-29 11:12:06'),
	(4,'G04','098SW319I',1,'098SW-8SR2','none','none','B22','2018-05-23 23:32:14'),
	(5,'G05','098SW319I',1,'098SW-7S','none','none','B22','2018-05-23 23:32:18'),
	(6,'G14','098SW319I',1,'098SW-9SR1','none','none','B21','2018-05-23 23:32:23'),
	(7,'E01','198PWY',1,'198PW-1R1','left','left','B3PW2','2018-06-22 23:01:48'),
	(8,'D01','198PWY',1,'198PW-2R1','left','left','B3PW3','2018-06-22 23:01:45'),
	(9,'F23','119PWY',1,'119PW-1R1','right','right','B3PW1','2018-05-21 00:57:45'),
	(10,'26','119PWY',1,'119PW-2R1','right','right','B3PW1','2018-05-21 00:57:45'),
	(11,'F14','119PWY',1,'119PW-1R1','right','right','B3PW2','2018-05-21 00:57:45'),
	(12,'F15','119PWY',1,'119PW-2R1','right','right','B3PW3','2018-05-21 00:57:45'),
	(13,'B02','169PWY',1,'169PW-1R1','right','right','B3PW3','2018-05-21 00:57:45'),
	(14,'A07','198PWY',1,'198PW-2R1','right','right','B3PW3','2018-06-22 23:01:11'),
	(15,'F03','198PWY',1,'169PW-1R1','left','left','B3PW2','2018-06-22 23:01:05'),
	(16,'A04','198PWY',1,'169PW-1R1','right','right','B3PW3','2018-06-22 23:01:42'),
	(17,'D09','169PWY22T',2,'169PW-1R1','left','left','B3PW2','2018-05-21 00:57:45'),
	(18,'G30','098SW319I',2,'098SW-9SR1','right','left','B21','2018-05-21 00:57:45'),
	(19,'G31','098SW319I',2,'098SW-8SR2','right','left','B23','2018-05-21 00:57:45'),
	(20,'H05123','098SW319I',2,'098SW-8SR2','left','right','B22','2018-06-09 13:59:45');

/*!40000 ALTER TABLE `house` ENABLE KEYS */;
UNLOCK TABLES;


# Dump of table material
# ------------------------------------------------------------

DROP TABLE IF EXISTS `material`;

CREATE TABLE `material` (
  `id` int(11) NOT NULL AUTO_INCREMENT,
  `house_id` varchar(100) NOT NULL,
  `store_id` int(11) NOT NULL,
  `name` varchar(150) NOT NULL,
  `delay` tinyint(3) DEFAULT '0',
  `amount` tinyint(3) DEFAULT NULL,
  `unit` varchar(20) DEFAULT NULL,
  `price` decimal(10,2) DEFAULT NULL,
  `created_at` datetime NOT NULL DEFAULT CURRENT_TIMESTAMP,
  PRIMARY KEY (`id`)
) ENGINE=InnoDB DEFAULT CHARSET=utf8;

LOCK TABLES `material` WRITE;
/*!40000 ALTER TABLE `material` DISABLE KEYS */;

INSERT INTO `material` (`id`, `house_id`, `store_id`, `name`, `delay`, `amount`, `unit`, `price`, `created_at`)
VALUES
	(553,'098SW319I',30,'แผ่นพื้นสำเร็จรูป ชนิด3ขา(LLไม่น้อยกว่า450kg/m²) ขนาด 0.35 x 2.83m.(SHEAE KEY 1จุด)',30,1,'แผ่น',1.00,'2018-07-11 00:10:52'),
	(554,'098SW319I',30,'แผ่นพื้นสำเร็จรูป ชนิด3ขา(LLไม่น้อยกว่า450kg/m²)  ขนาด 0.35 x 1.94 m.',30,2,'แผ่น',2.00,'2018-07-11 00:10:52'),
	(555,'098SW319I',30,'แผ่นพื้นสำเร็จรูป ชนิด3ขา(LLไม่น้อยกว่า200kg/m²) ขนาด 0.35 x 4.03 m.',30,3,'แผ่น',3.00,'2018-07-11 00:10:52'),
	(556,'098SW319I',30,'แผ่นพื้นสำเร็จรูป ชนิด3ขา(LLไม่น้อยกว่า200kg/m²) ขนาด 0.35 x 3.35 m.',30,4,'แผ่น',4.00,'2018-07-11 00:10:52'),
	(557,'098SW319I',30,'แผ่นพื้นสำเร็จรูป ชนิด3ขา(LLไม่น้อยกว่า200kg/m²) ขนาด 0.35 x 2.40 m.',30,5,'แผ่น',5.00,'2018-07-11 00:10:52'),
	(558,'098SW319I',31,' เสาเข็ม I 12x12x2.00 m(.งานถังบำบัด) ',0,1,'ต้น',130.00,'2018-06-09 14:49:37'),
	(559,'098SW319I',31,' เสาเข็ม I 12x12x6.00m.(APPROACH SLAB)+(พื้นที่จอดรถ)(ตามพื้นที่จริง) ',0,1,'ต้น',390.00,'2018-06-09 14:49:37'),
	(560,'098SW319I',31,' เสาเข็ม I 12x12x4.00 m.(งานซักล้าง)+(งานถังบำบัด+ถังน้ำดี) ',0,1,'ต้น',260.00,'2018-06-09 14:49:37'),
	(561,'098SW319I',32,'อิฐ Q-CON 12.5 Cm.',2,1,'ก้อน',21.67,'2018-06-09 14:47:24'),
	(562,'098SW319I',32,'อิฐ Q-CON 7.5 Cm.',2,1,'ก้อน',13.00,'2018-06-09 14:47:24'),
	(564,'098SW319I',32,'อิฐ Q-CON 7.6 Cm.',2,1,'ก้อน',13.00,'2018-06-09 14:47:24'),
	(567,'198PWY',31,' เสาเข็ม I 12x12x2.00 m(.งานถังบำบัด) ',0,1,'ต้น',130.00,'2018-07-14 16:43:31'),
	(568,'198PWY',30,'แผ่นพื้นสำเร็จรูป ชนิด3ขา(LLไม่น้อยกว่า450kg/m²) ขนาด 0.35 x 3.95 m.',0,2,'แผ่น',373.28,'2018-07-15 23:43:22'),
	(569,'198PWY',30,'แผ่นพื้นสำเร็จรูป ชนิด3ขา(LLไม่น้อยกว่า450kg/m²) ขนาด 0.35 x 2.27 m.',0,1,'แผ่น',1.00,'2018-07-15 23:43:22'),
	(570,'198PWY',30,'แผ่นพื้นสำเร็จรูป ชนิด3ขา(LLไม่น้อยกว่า200kg/m²) ขนาด 0.35 x 4.13 m.',0,4,'แผ่น',344.40,'2018-07-15 23:43:22'),
	(571,'198PWY',32,'อิฐ Q-CON 7.5 Cm.',3,1,'ก้อน',13.00,'2018-07-15 23:40:43'),
	(572,'198PWY',30,'แผ่นพื้นสำเร็จรูป ชนิด3ขา(LLไม่น้อยกว่า200kg/m²) ขนาด 0.35 x 3.60 m.',0,1,'แผ่น',283.50,'2018-07-15 23:43:22'),
	(573,'198PWY',30,'แผ่นพื้นสำเร็จรูป ชนิด3ขา(LLไม่น้อยกว่า450kg/m²) ขนาด 0.35 x 2.30 m.',0,1,'แผ่น',338.10,'2018-07-15 23:43:22'),
	(574,'198PWY',30,'แผ่นพื้นสำเร็จรูป ชนิด3ขา(LLไม่น้อยกว่า200kg/m²) ขนาด 0.35 x 2.10 m.',0,1,'แผ่น',154.35,'2018-07-15 23:43:22'),
	(575,'198PWY',30,'แผ่นพื้นสำเร็จรูป ชนิด3ขา(LLไม่น้อยกว่า200kg/m²) ขนาด 0.35 x 1.83 m.',0,1,'แผ่น',134.51,'2018-07-15 23:43:22'),
	(576,'198PWY',30,'แผ่นพื้นสำเร็จรูป ชนิด3ขา(LLไม่น้อยกว่า200kg/m²) ขนาด 0.35 x 1.67 m.',0,1,'แผ่น',122.75,'2018-07-15 23:43:22'),
	(577,'198PWY',30,'แผ่นพื้นสำเร็จรูป ชนิด3ขา(LLไม่น้อยกว่า200kg/m²) ขนาด 0.35 x 1.37 m.',0,1,'แผ่น',100.70,'2018-07-15 23:43:22'),
	(578,'198PWY',30,'แผ่นพื้นสำเร็จรูป ชนิด3ขา(LLไม่น้อยกว่า200kg/m²) ขนาด 0.35 x 1.07 m.',0,1,'แผ่น',0.00,'2018-07-15 23:43:22'),
	(579,'198PWY',31,' เสาเข็ม I 12x12x6.00m.(APPROACH SLAB)+(พื้นที่จอดรถ)(ตามพื้นที่จริง) ',0,1,'ต้น',390.00,'2018-07-14 16:43:31'),
	(580,'198PWY',31,' เสาเข็ม I 12x12x4.00 m.(งานซักล้าง)+(งานถังบำบัด+ถังน้ำดี) ',0,1,'ต้น',260.00,'2018-07-14 16:43:31'),
	(581,'198PWY',32,'อิฐ Q-CON 15 Cm.',3,1,'ก้อน',26.00,'2018-07-15 23:40:43'),
	(582,'198PWY',32,'อิฐ Q-CON 12.5 Cm.',3,1,'ก้อน',21.67,'2018-07-15 23:40:43'),
	(583,'198PWY',33,'Modern Drain No.MDT 70 ขนาด2\"  (เฉพาะใช้สำหรับงานกระเบื้อง)',0,1,'ชุด',1.00,'2018-07-15 23:42:36'),
	(584,'198PWY',33,'Modern Drain No.MDT 70 ขนาด2\"  (ตัวฝัง+ฝาใช้สำหรับงานกระเบื้อง)',0,1,'ชุด',580.00,'2018-07-15 23:42:36'),
	(585,'198PWY',33,'Modern Drain No.MDR-FN 46 ขนาด2\"   (รุ่นก้นกันกลิ่น)',0,1,'ชุด',470.00,'2018-07-15 23:42:36'),
	(586,'198PWY',34,'ไม้เชิงชายสำเร็จรูปCONWOOD 8\"  สีงาช้าง',1,1,'แผ่น',190.00,'2018-07-15 23:41:07'),
	(587,'198PWY',34,'บัวเชิงผนังสำเร็จรูปCOONWOOD  ขนาด4\" (ระแนงตัดชิ้น สีงาช้าง) หนา 11 mm.',1,1,'แผ่น',53.00,'2018-07-15 23:41:07'),
	(592,'198PWY',36,'ถังบำบัดน้ำเสีย (EC-5) 1600 ลิตร',0,1,'ใบ',1.00,'2018-07-15 23:43:08'),
	(593,'198PWY',36,'ถังบำบัดน้ำเสีย (EC-3) 1100 ลิตร',0,1,'ใบ',1.00,'2018-07-15 23:43:08'),
	(594,'198PWY',36,'ถังดักไขมัน GT.-20UG',0,1,'ใบ',1.00,'2018-07-15 23:43:08'),
	(595,'198PWY',36,'ถังดักไขมัน GT.-20UG',0,1,'ใบ',1.00,'2018-07-15 23:43:08'),
	(596,'198PWY',37,'โครงหลังคา Demo',0,1,'1',1.00,'2018-07-15 23:42:47'),
	(597,'198PWY',38,'วงกบ ไม้สังเคราะห์ 2\"x4\"แบบเหลี่ยม บังใบ38 mm.   (80x210 ) HDFCMT8',0,1,'วง',1.00,'2018-07-15 23:42:20'),
	(598,'198PWY',39,'วงกบไม้เนื้อแข็ง DEMO',15,1,'1',1.00,'2018-07-15 23:42:05'),
	(599,'198PWY',40,'ฉากกั้นอาบน้ำ TEMPERED GLASS  บานเปลื่อย',0,1,'ตู้',1.00,'2018-07-15 23:41:49'),
	(600,'198PWY',40,'ฉากกั้นอาบน้ำ กั้นระหว่างห้องชักโครก และห้องอาบน้ำ',0,1,'ตู้',1.00,'2018-07-15 23:41:49'),
	(601,'198PWY',41,'ราวบันไดกันตก',0,1,'แปลง',1.00,'2018-07-15 23:41:26'),
	(602,'198PWY',42,'ไม้บันใด',0,1,'แปลง',1.00,'2018-07-15 23:31:06'),
	(603,'198PWY',43,'ราวระเบียงกระจก Temperated 12 mm.',0,1,'แปลง',1.00,'2018-07-15 23:34:45');

/*!40000 ALTER TABLE `material` ENABLE KEYS */;
UNLOCK TABLES;


# Dump of table material_group
# ------------------------------------------------------------

DROP TABLE IF EXISTS `material_group`;

CREATE TABLE `material_group` (
  `id` int(11) NOT NULL AUTO_INCREMENT,
  `name` varchar(200) NOT NULL,
  `created_at` datetime NOT NULL DEFAULT CURRENT_TIMESTAMP,
  PRIMARY KEY (`id`)
) ENGINE=InnoDB DEFAULT CHARSET=utf8;

LOCK TABLES `material_group` WRITE;
/*!40000 ALTER TABLE `material_group` DISABLE KEYS */;

INSERT INTO `material_group` (`id`, `name`, `created_at`)
VALUES
	(3,'งวดที่ 1 งานที่ 1','2018-07-15 22:49:49'),
	(4,'งวดที่ 1 งานที่ 2','2018-06-23 15:24:53'),
	(5,'งวดที่ 1 งานที่ 3','2018-07-15 22:49:54'),
	(6,'งวดที่ 1 งานที่ 4','2018-06-23 15:25:10'),
	(8,'งวดที่ 1 งานที่ 5','2018-06-23 16:52:43');

/*!40000 ALTER TABLE `material_group` ENABLE KEYS */;
UNLOCK TABLES;


# Dump of table material_group_detail
# ------------------------------------------------------------

DROP TABLE IF EXISTS `material_group_detail`;

CREATE TABLE `material_group_detail` (
  `id` int(11) NOT NULL AUTO_INCREMENT,
  `house_id` varchar(100) DEFAULT NULL,
  `material_id` int(11) NOT NULL,
  `material_group_id` int(11) NOT NULL,
  `amount` tinyint(4) DEFAULT '0',
  `created_at` datetime NOT NULL DEFAULT CURRENT_TIMESTAMP,
  PRIMARY KEY (`id`)
) ENGINE=InnoDB DEFAULT CHARSET=utf8;

LOCK TABLES `material_group_detail` WRITE;
/*!40000 ALTER TABLE `material_group_detail` DISABLE KEYS */;

INSERT INTO `material_group_detail` (`id`, `house_id`, `material_id`, `material_group_id`, `amount`, `created_at`)
VALUES
	(375,'198PWY',581,5,1,'2018-07-15 23:40:43'),
	(376,'198PWY',571,5,1,'2018-07-15 23:40:43'),
	(377,'198PWY',582,5,1,'2018-07-15 23:40:43'),
	(378,'198PWY',586,5,1,'2018-07-15 23:41:07'),
	(379,'198PWY',587,5,1,'2018-07-15 23:41:07'),
	(380,'198PWY',601,5,1,'2018-07-15 23:41:26'),
	(383,'198PWY',599,3,1,'2018-07-15 23:41:49'),
	(384,'198PWY',600,3,1,'2018-07-15 23:41:49'),
	(385,'198PWY',598,3,1,'2018-07-15 23:42:05'),
	(386,'198PWY',597,3,1,'2018-07-15 23:42:20'),
	(387,'198PWY',583,3,1,'2018-07-15 23:42:36'),
	(388,'198PWY',584,3,1,'2018-07-15 23:42:36'),
	(389,'198PWY',585,3,1,'2018-07-15 23:42:36'),
	(390,'198PWY',596,3,1,'2018-07-15 23:42:47'),
	(391,'198PWY',593,3,1,'2018-07-15 23:43:08'),
	(392,'198PWY',594,3,1,'2018-07-15 23:43:08'),
	(393,'198PWY',592,3,1,'2018-07-15 23:43:08'),
	(394,'198PWY',595,3,1,'2018-07-15 23:43:08'),
	(395,'198PWY',568,3,2,'2018-07-15 23:43:22'),
	(396,'198PWY',569,3,1,'2018-07-15 23:43:22'),
	(397,'198PWY',570,3,4,'2018-07-15 23:43:22'),
	(398,'198PWY',572,3,1,'2018-07-15 23:43:22'),
	(399,'198PWY',576,3,1,'2018-07-15 23:43:22'),
	(400,'198PWY',574,3,1,'2018-07-15 23:43:22'),
	(401,'198PWY',575,3,1,'2018-07-15 23:43:22'),
	(402,'198PWY',573,3,1,'2018-07-15 23:43:22'),
	(403,'198PWY',578,3,1,'2018-07-15 23:43:22'),
	(404,'198PWY',577,3,1,'2018-07-15 23:43:22');

/*!40000 ALTER TABLE `material_group_detail` ENABLE KEYS */;
UNLOCK TABLES;


# Dump of table material_price
# ------------------------------------------------------------

DROP TABLE IF EXISTS `material_price`;

CREATE TABLE `material_price` (
  `id` int(11) NOT NULL AUTO_INCREMENT,
  `material_id` int(11) NOT NULL,
  `side` enum('left','right') NOT NULL,
  `color` varchar(100) DEFAULT NULL,
  `price` decimal(10,2) DEFAULT NULL,
  `created_at` datetime NOT NULL DEFAULT CURRENT_TIMESTAMP,
  PRIMARY KEY (`id`)
) ENGINE=InnoDB DEFAULT CHARSET=utf8;

LOCK TABLES `material_price` WRITE;
/*!40000 ALTER TABLE `material_price` DISABLE KEYS */;

INSERT INTO `material_price` (`id`, `material_id`, `side`, `color`, `price`, `created_at`)
VALUES
	(1173,565,'left','B3PW1',10.00,'2018-06-08 15:02:16'),
	(1174,565,'right','B3PW1',10.00,'2018-06-08 15:02:16'),
	(1175,566,'left','B3PW1',11.00,'2018-06-08 15:02:16'),
	(1176,566,'right','B3PW1',11.00,'2018-06-08 15:02:16'),
	(1225,562,'left','defalut',196.00,'2018-06-09 14:47:24'),
	(1226,561,'left','defalut',10.00,'2018-06-09 14:47:24'),
	(1227,564,'left','defalut',296.00,'2018-06-09 14:47:24'),
	(1228,562,'right','defalut',196.00,'2018-06-09 14:47:24'),
	(1229,561,'right','defalut',10.00,'2018-06-09 14:47:24'),
	(1230,564,'right','defalut',296.00,'2018-06-09 14:47:24'),
	(1231,558,'left','defalut',5.00,'2018-06-09 14:49:37'),
	(1232,560,'left','defalut',11.00,'2018-06-09 14:49:37'),
	(1233,559,'left','defalut',6.00,'2018-06-09 14:49:37'),
	(1234,558,'right','defalut',5.00,'2018-06-09 14:49:37'),
	(1235,560,'right','defalut',11.00,'2018-06-09 14:49:37'),
	(1236,559,'right','defalut',6.00,'2018-06-09 14:49:37'),
	(1240,563,'left','B3PW1',199.00,'2018-06-09 14:59:53'),
	(1241,563,'left','B3PW4',400.00,'2018-06-09 14:59:53'),
	(1242,563,'left','B3PW2',300.00,'2018-06-09 14:59:53'),
	(1243,563,'right','B3PW1',199.00,'2018-06-09 14:59:53'),
	(1244,563,'right','B3PW2',300.00,'2018-06-09 14:59:53'),
	(2119,553,'left','defalut',14.00,'2018-07-11 00:10:52'),
	(2120,554,'left','defalut',10.00,'2018-07-11 00:10:52'),
	(2121,555,'left','defalut',9.00,'2018-07-11 00:10:52'),
	(2122,556,'left','defalut',13.00,'2018-07-11 00:10:52'),
	(2123,553,'right','defalut',14.00,'2018-07-11 00:10:52'),
	(2124,557,'left','defalut',10.00,'2018-07-11 00:10:52'),
	(2125,555,'right','defalut',9.00,'2018-07-11 00:10:52'),
	(2126,554,'right','defalut',10.00,'2018-07-11 00:10:52'),
	(2127,556,'right','defalut',13.00,'2018-07-11 00:10:52'),
	(2128,557,'right','defalut',10.00,'2018-07-11 00:10:52'),
	(2147,580,'left','B3PW1',15.00,'2018-07-14 16:43:31'),
	(2148,567,'left','B3PW1',9.00,'2018-07-14 16:43:31'),
	(2149,579,'left','B3PW1',0.00,'2018-07-14 16:43:31'),
	(2150,580,'left','B3PW2',15.00,'2018-07-14 16:43:31'),
	(2151,567,'left','B3PW2',9.00,'2018-07-14 16:43:31'),
	(2152,579,'left','B3PW2',0.00,'2018-07-14 16:43:31'),
	(2153,580,'left','B3PW3',15.00,'2018-07-14 16:43:31'),
	(2154,580,'right','B3PW1',15.00,'2018-07-14 16:43:31'),
	(2155,580,'right','B3PW2',15.00,'2018-07-14 16:43:31'),
	(2156,567,'left','B3PW3',9.00,'2018-07-14 16:43:31'),
	(2157,580,'right','B3PW3',15.00,'2018-07-14 16:43:31'),
	(2158,567,'right','B3PW1',9.00,'2018-07-14 16:43:31'),
	(2159,567,'right','B3PW2',9.00,'2018-07-14 16:43:31'),
	(2160,567,'right','B3PW3',9.00,'2018-07-14 16:43:31'),
	(2161,579,'left','B3PW3',0.00,'2018-07-14 16:43:31'),
	(2162,579,'right','B3PW1',0.00,'2018-07-14 16:43:31'),
	(2163,579,'right','B3PW2',0.00,'2018-07-14 16:43:31'),
	(2164,579,'right','B3PW3',0.00,'2018-07-14 16:43:31'),
	(2267,591,'left','B3PW1',200.00,'2018-07-15 16:48:11'),
	(2268,590,'left','B3PW1',100.00,'2018-07-15 16:48:11'),
	(2269,591,'right','B3PW1',200.00,'2018-07-15 16:48:11'),
	(2270,590,'right','B3PW1',100.00,'2018-07-15 16:48:11'),
	(2339,602,'left','B3PW1',1.00,'2018-07-15 23:31:06'),
	(2340,602,'left','B3PW2',1.00,'2018-07-15 23:31:06'),
	(2341,602,'left','B3PW3',1.00,'2018-07-15 23:31:06'),
	(2342,602,'right','B3PW1',1.00,'2018-07-15 23:31:06'),
	(2343,602,'right','B3PW2',1.00,'2018-07-15 23:31:06'),
	(2344,602,'right','B3PW3',1.00,'2018-07-15 23:31:06'),
	(2345,603,'left','B3PW1',1.00,'2018-07-15 23:34:45'),
	(2346,603,'left','B3PW2',1.00,'2018-07-15 23:34:45'),
	(2347,603,'left','B3PW3',1.00,'2018-07-15 23:34:45'),
	(2348,603,'right','B3PW1',1.00,'2018-07-15 23:34:45'),
	(2349,603,'right','B3PW2',1.00,'2018-07-15 23:34:45'),
	(2350,603,'right','B3PW3',1.00,'2018-07-15 23:34:45'),
	(2351,581,'left','B3PW1',55.00,'2018-07-15 23:40:43'),
	(2352,571,'left','B3PW1',411.00,'2018-07-15 23:40:43'),
	(2353,582,'left','B3PW1',0.00,'2018-07-15 23:40:43'),
	(2354,581,'left','B3PW2',55.00,'2018-07-15 23:40:43'),
	(2355,571,'left','B3PW2',411.00,'2018-07-15 23:40:43'),
	(2356,582,'left','B3PW2',0.00,'2018-07-15 23:40:43'),
	(2357,581,'left','B3PW3',55.00,'2018-07-15 23:40:43'),
	(2358,581,'right','B3PW1',55.00,'2018-07-15 23:40:43'),
	(2359,581,'right','B3PW2',55.00,'2018-07-15 23:40:43'),
	(2360,581,'right','B3PW3',55.00,'2018-07-15 23:40:43'),
	(2361,571,'left','B3PW3',411.00,'2018-07-15 23:40:43'),
	(2362,571,'right','B3PW1',411.00,'2018-07-15 23:40:43'),
	(2363,571,'right','B3PW2',411.00,'2018-07-15 23:40:43'),
	(2364,571,'right','B3PW3',411.00,'2018-07-15 23:40:43'),
	(2365,582,'left','B3PW3',0.00,'2018-07-15 23:40:43'),
	(2366,582,'right','B3PW1',0.00,'2018-07-15 23:40:43'),
	(2367,582,'right','B3PW2',0.00,'2018-07-15 23:40:43'),
	(2368,582,'right','B3PW3',0.00,'2018-07-15 23:40:43'),
	(2369,586,'left','B3PW1',22.00,'2018-07-15 23:41:07'),
	(2370,587,'left','B3PW1',26.00,'2018-07-15 23:41:07'),
	(2371,586,'left','B3PW2',22.00,'2018-07-15 23:41:07'),
	(2372,587,'left','B3PW2',26.00,'2018-07-15 23:41:07'),
	(2373,586,'left','B3PW3',22.00,'2018-07-15 23:41:07'),
	(2374,586,'right','B3PW1',22.00,'2018-07-15 23:41:07'),
	(2375,586,'right','B3PW2',22.00,'2018-07-15 23:41:07'),
	(2376,586,'right','B3PW3',22.00,'2018-07-15 23:41:07'),
	(2377,587,'left','B3PW3',26.00,'2018-07-15 23:41:07'),
	(2378,587,'right','B3PW1',26.00,'2018-07-15 23:41:07'),
	(2379,587,'right','B3PW2',26.00,'2018-07-15 23:41:07'),
	(2380,587,'right','B3PW3',26.00,'2018-07-15 23:41:07'),
	(2381,601,'left','B3PW1',1.00,'2018-07-15 23:41:26'),
	(2382,601,'left','B3PW2',1.00,'2018-07-15 23:41:26'),
	(2383,601,'left','B3PW3',1.00,'2018-07-15 23:41:26'),
	(2384,601,'right','B3PW1',1.00,'2018-07-15 23:41:26'),
	(2385,601,'right','B3PW2',1.00,'2018-07-15 23:41:26'),
	(2386,601,'right','B3PW3',1.00,'2018-07-15 23:41:26'),
	(2399,599,'left','B3PW1',1.00,'2018-07-15 23:41:49'),
	(2400,600,'left','B3PW1',1.00,'2018-07-15 23:41:49'),
	(2401,599,'left','B3PW2',1.00,'2018-07-15 23:41:49'),
	(2402,600,'left','B3PW2',1.00,'2018-07-15 23:41:49'),
	(2403,599,'left','B3PW3',1.00,'2018-07-15 23:41:49'),
	(2404,599,'right','B3PW1',1.00,'2018-07-15 23:41:49'),
	(2405,599,'right','B3PW2',1.00,'2018-07-15 23:41:49'),
	(2406,599,'right','B3PW3',1.00,'2018-07-15 23:41:49'),
	(2407,600,'left','B3PW3',1.00,'2018-07-15 23:41:49'),
	(2408,600,'right','B3PW1',1.00,'2018-07-15 23:41:49'),
	(2409,600,'right','B3PW2',1.00,'2018-07-15 23:41:49'),
	(2410,600,'right','B3PW3',1.00,'2018-07-15 23:41:49'),
	(2411,598,'left','B3PW1',1.00,'2018-07-15 23:42:05'),
	(2412,598,'left','B3PW2',1.00,'2018-07-15 23:42:05'),
	(2413,598,'left','B3PW3',1.00,'2018-07-15 23:42:05'),
	(2414,598,'right','B3PW1',1.00,'2018-07-15 23:42:05'),
	(2415,598,'right','B3PW2',1.00,'2018-07-15 23:42:05'),
	(2416,598,'right','B3PW3',1.00,'2018-07-15 23:42:05'),
	(2417,597,'left','B3PW1',1.00,'2018-07-15 23:42:20'),
	(2418,597,'left','B3PW2',1.00,'2018-07-15 23:42:20'),
	(2419,597,'left','B3PW3',1.00,'2018-07-15 23:42:20'),
	(2420,597,'right','B3PW1',1.00,'2018-07-15 23:42:20'),
	(2421,597,'right','B3PW2',1.00,'2018-07-15 23:42:20'),
	(2422,597,'right','B3PW3',1.00,'2018-07-15 23:42:20'),
	(2423,583,'left','B3PW1',7.00,'2018-07-15 23:42:36'),
	(2424,584,'left','B3PW1',3.00,'2018-07-15 23:42:36'),
	(2425,585,'left','B3PW1',4.00,'2018-07-15 23:42:36'),
	(2426,583,'left','B3PW2',7.00,'2018-07-15 23:42:36'),
	(2427,584,'left','B3PW2',3.00,'2018-07-15 23:42:36'),
	(2428,585,'left','B3PW2',4.00,'2018-07-15 23:42:36'),
	(2429,583,'left','B3PW3',7.00,'2018-07-15 23:42:36'),
	(2430,583,'right','B3PW1',7.00,'2018-07-15 23:42:36'),
	(2431,583,'right','B3PW2',7.00,'2018-07-15 23:42:36'),
	(2432,583,'right','B3PW3',7.00,'2018-07-15 23:42:36'),
	(2433,584,'left','B3PW3',3.00,'2018-07-15 23:42:36'),
	(2434,584,'right','B3PW1',3.00,'2018-07-15 23:42:36'),
	(2435,585,'left','B3PW3',4.00,'2018-07-15 23:42:36'),
	(2436,584,'right','B3PW2',3.00,'2018-07-15 23:42:36'),
	(2437,584,'right','B3PW3',3.00,'2018-07-15 23:42:36'),
	(2438,585,'right','B3PW1',4.00,'2018-07-15 23:42:36'),
	(2439,585,'right','B3PW2',4.00,'2018-07-15 23:42:36'),
	(2440,585,'right','B3PW3',4.00,'2018-07-15 23:42:36'),
	(2441,596,'left','B3PW1',2.00,'2018-07-15 23:42:47'),
	(2442,596,'left','B3PW2',2.00,'2018-07-15 23:42:47'),
	(2443,596,'left','B3PW3',3.00,'2018-07-15 23:42:47'),
	(2444,596,'right','B3PW1',2.00,'2018-07-15 23:42:47'),
	(2445,596,'right','B3PW2',2.00,'2018-07-15 23:42:47'),
	(2446,596,'right','B3PW3',3.00,'2018-07-15 23:42:47'),
	(2447,593,'left','B3PW1',1.00,'2018-07-15 23:43:08'),
	(2448,594,'left','B3PW1',1.00,'2018-07-15 23:43:08'),
	(2449,592,'left','B3PW1',2.00,'2018-07-15 23:43:08'),
	(2450,595,'left','B3PW1',1.00,'2018-07-15 23:43:08'),
	(2451,593,'left','B3PW2',1.00,'2018-07-15 23:43:08'),
	(2452,594,'left','B3PW2',1.00,'2018-07-15 23:43:08'),
	(2453,592,'left','B3PW2',2.00,'2018-07-15 23:43:08'),
	(2454,595,'left','B3PW2',1.00,'2018-07-15 23:43:08'),
	(2455,593,'left','B3PW3',1.00,'2018-07-15 23:43:08'),
	(2456,593,'right','B3PW1',1.00,'2018-07-15 23:43:08'),
	(2457,593,'right','B3PW2',1.00,'2018-07-15 23:43:08'),
	(2458,593,'right','B3PW3',1.00,'2018-07-15 23:43:08'),
	(2459,594,'left','B3PW3',1.00,'2018-07-15 23:43:08'),
	(2460,594,'right','B3PW1',1.00,'2018-07-15 23:43:08'),
	(2461,594,'right','B3PW2',1.00,'2018-07-15 23:43:08'),
	(2462,594,'right','B3PW3',1.00,'2018-07-15 23:43:08'),
	(2463,592,'left','B3PW3',2.00,'2018-07-15 23:43:08'),
	(2464,592,'right','B3PW1',2.00,'2018-07-15 23:43:08'),
	(2465,592,'right','B3PW2',2.00,'2018-07-15 23:43:08'),
	(2466,592,'right','B3PW3',2.00,'2018-07-15 23:43:08'),
	(2467,595,'left','B3PW3',1.00,'2018-07-15 23:43:08'),
	(2468,595,'right','B3PW1',1.00,'2018-07-15 23:43:08'),
	(2469,595,'right','B3PW2',1.00,'2018-07-15 23:43:08'),
	(2470,595,'right','B3PW3',1.00,'2018-07-15 23:43:08'),
	(2471,568,'left','B3PW1',21.00,'2018-07-15 23:43:22'),
	(2472,569,'left','B3PW1',23.00,'2018-07-15 23:43:22'),
	(2473,570,'left','B3PW1',22.00,'2018-07-15 23:43:22'),
	(2474,572,'left','B3PW2',12.00,'2018-07-15 23:43:22'),
	(2475,568,'left','B3PW2',21.00,'2018-07-15 23:43:22'),
	(2476,569,'left','B3PW2',23.00,'2018-07-15 23:43:22'),
	(2477,570,'left','B3PW2',22.00,'2018-07-15 23:43:22'),
	(2478,572,'left','B3PW3',12.00,'2018-07-15 23:43:22'),
	(2479,573,'left','B3PW2',14.00,'2018-07-15 23:43:22'),
	(2480,574,'left','B3PW2',14.00,'2018-07-15 23:43:22'),
	(2481,575,'left','B3PW2',5.00,'2018-07-15 23:43:22'),
	(2482,576,'left','B3PW2',4.00,'2018-07-15 23:43:22'),
	(2483,568,'left','B3PW3',21.00,'2018-07-15 23:43:22'),
	(2484,569,'left','B3PW3',23.00,'2018-07-15 23:43:22'),
	(2485,578,'left','B3PW2',15.00,'2018-07-15 23:43:22'),
	(2486,577,'left','B3PW2',12.00,'2018-07-15 23:43:22'),
	(2487,568,'right','B3PW2',21.00,'2018-07-15 23:43:22'),
	(2488,568,'right','B3PW1',21.00,'2018-07-15 23:43:22'),
	(2489,568,'right','B3PW3',21.00,'2018-07-15 23:43:22'),
	(2490,569,'right','B3PW1',23.00,'2018-07-15 23:43:22'),
	(2491,572,'left','B3PW1',12.00,'2018-07-15 23:43:22'),
	(2492,573,'left','B3PW3',14.00,'2018-07-15 23:43:22'),
	(2493,575,'left','B3PW3',5.00,'2018-07-15 23:43:22'),
	(2494,570,'right','B3PW3',22.00,'2018-07-15 23:43:22'),
	(2495,570,'right','B3PW1',22.00,'2018-07-15 23:43:22'),
	(2496,569,'right','B3PW3',23.00,'2018-07-15 23:43:22'),
	(2497,574,'left','B3PW3',14.00,'2018-07-15 23:43:22'),
	(2498,569,'right','B3PW2',23.00,'2018-07-15 23:43:22'),
	(2499,570,'right','B3PW2',22.00,'2018-07-15 23:43:22'),
	(2500,570,'left','B3PW3',22.00,'2018-07-15 23:43:22'),
	(2501,576,'left','B3PW3',4.00,'2018-07-15 23:43:22'),
	(2502,577,'left','B3PW3',12.00,'2018-07-15 23:43:22'),
	(2503,572,'right','B3PW2',12.00,'2018-07-15 23:43:22'),
	(2504,572,'right','B3PW3',12.00,'2018-07-15 23:43:22'),
	(2505,578,'left','B3PW3',15.00,'2018-07-15 23:43:22'),
	(2506,572,'right','B3PW1',12.00,'2018-07-15 23:43:22'),
	(2507,574,'left','B3PW1',14.00,'2018-07-15 23:43:22'),
	(2508,573,'left','B3PW1',14.00,'2018-07-15 23:43:22'),
	(2509,576,'left','B3PW1',4.00,'2018-07-15 23:43:22'),
	(2510,575,'left','B3PW1',5.00,'2018-07-15 23:43:22'),
	(2511,574,'right','B3PW2',14.00,'2018-07-15 23:43:22'),
	(2512,575,'right','B3PW2',5.00,'2018-07-15 23:43:22'),
	(2513,575,'right','B3PW3',5.00,'2018-07-15 23:43:22'),
	(2514,575,'right','B3PW1',5.00,'2018-07-15 23:43:22'),
	(2515,576,'right','B3PW3',4.00,'2018-07-15 23:43:22'),
	(2516,574,'right','B3PW1',14.00,'2018-07-15 23:43:22'),
	(2517,574,'right','B3PW3',14.00,'2018-07-15 23:43:22'),
	(2518,573,'right','B3PW3',14.00,'2018-07-15 23:43:22'),
	(2519,573,'right','B3PW2',14.00,'2018-07-15 23:43:22'),
	(2520,573,'right','B3PW1',14.00,'2018-07-15 23:43:22'),
	(2521,578,'left','B3PW1',15.00,'2018-07-15 23:43:22'),
	(2522,577,'left','B3PW1',12.00,'2018-07-15 23:43:22'),
	(2523,578,'right','B3PW2',15.00,'2018-07-15 23:43:22'),
	(2524,578,'right','B3PW1',15.00,'2018-07-15 23:43:22'),
	(2525,578,'right','B3PW3',15.00,'2018-07-15 23:43:22'),
	(2526,577,'right','B3PW3',12.00,'2018-07-15 23:43:22'),
	(2527,577,'right','B3PW2',12.00,'2018-07-15 23:43:22'),
	(2528,577,'right','B3PW1',12.00,'2018-07-15 23:43:22'),
	(2529,576,'right','B3PW2',4.00,'2018-07-15 23:43:22'),
	(2530,576,'right','B3PW1',4.00,'2018-07-15 23:43:22');

/*!40000 ALTER TABLE `material_price` ENABLE KEYS */;
UNLOCK TABLES;


# Dump of table ordering
# ------------------------------------------------------------

DROP TABLE IF EXISTS `ordering`;

CREATE TABLE `ordering` (
  `id` int(11) NOT NULL AUTO_INCREMENT,
  `progress_id` int(11) DEFAULT NULL,
  `store_id` int(11) NOT NULL,
  `contract_code` varchar(255) DEFAULT NULL,
  `total_price` decimal(10,2) NOT NULL DEFAULT '0.00',
  `amount` tinyint(2) NOT NULL DEFAULT '0',
  `date_start` date DEFAULT NULL,
  `status` enum('pending','wait','confirmed','received') DEFAULT 'wait',
  `order_type` enum('normal','extra') NOT NULL DEFAULT 'normal',
  `note` text,
  `created_at` datetime NOT NULL DEFAULT CURRENT_TIMESTAMP,
  PRIMARY KEY (`id`)
) ENGINE=InnoDB DEFAULT CHARSET=utf8;

LOCK TABLES `ordering` WRITE;
/*!40000 ALTER TABLE `ordering` DISABLE KEYS */;

INSERT INTO `ordering` (`id`, `progress_id`, `store_id`, `contract_code`, `total_price`, `amount`, `date_start`, `status`, `order_type`, `note`, `created_at`)
VALUES
	(193,3216,30,'DB0001',3259.07,10,'2018-07-17','received','normal','','2018-07-17 01:02:30'),
	(194,3216,36,'DB0001',4.00,4,'2018-07-17','wait','normal','','2018-07-17 01:02:30'),
	(195,3216,33,'DB0001',1051.00,3,'2018-07-17','received','normal','','2018-07-17 01:02:30'),
	(196,3216,37,'DB0001',1.00,1,'2018-07-17','wait','normal','','2018-07-17 01:02:30'),
	(197,3216,39,'DB0001',1.00,1,'2018-08-01','pending','normal','','2018-07-17 01:02:30'),
	(198,3216,38,'DB0001',1.00,1,'2018-07-17','confirmed','normal','','2018-07-17 01:02:30'),
	(199,3216,40,'DB0001',2.00,2,'2018-07-17','wait','normal','','2018-07-17 01:02:30'),
	(200,3218,34,'DB0001',243.00,2,'2018-07-18','pending','normal','','2018-07-17 01:04:22'),
	(201,3218,41,'DB0001',1.00,1,'2018-07-17','received','normal','','2018-07-17 01:04:22'),
	(202,3218,32,'DB0001',60.67,3,'2018-07-20','pending','normal','','2018-07-17 01:04:22');

/*!40000 ALTER TABLE `ordering` ENABLE KEYS */;
UNLOCK TABLES;


# Dump of table ordering_detail
# ------------------------------------------------------------

DROP TABLE IF EXISTS `ordering_detail`;

CREATE TABLE `ordering_detail` (
  `id` int(11) NOT NULL AUTO_INCREMENT,
  `order_id` int(11) NOT NULL,
  `name` varchar(255) NOT NULL,
  `price` decimal(10,2) NOT NULL DEFAULT '0.00',
  `unit_text` varchar(50) DEFAULT '',
  `unit_price` decimal(10,2) NOT NULL DEFAULT '0.00',
  `amount` tinyint(2) NOT NULL DEFAULT '0',
  `status` enum('wait','received') NOT NULL DEFAULT 'wait',
  `created_at` datetime NOT NULL DEFAULT CURRENT_TIMESTAMP,
  PRIMARY KEY (`id`)
) ENGINE=InnoDB DEFAULT CHARSET=utf8;

LOCK TABLES `ordering_detail` WRITE;
/*!40000 ALTER TABLE `ordering_detail` DISABLE KEYS */;

INSERT INTO `ordering_detail` (`id`, `order_id`, `name`, `price`, `unit_text`, `unit_price`, `amount`, `status`, `created_at`)
VALUES
	(756,193,'แผ่นพื้นสำเร็จรูป ชนิด3ขา(LLไม่น้อยกว่า200kg/m²) ขนาด 0.35 x 4.13 m.',1377.60,'แผ่น',344.40,4,'wait','2018-07-17 01:02:30'),
	(757,193,'แผ่นพื้นสำเร็จรูป ชนิด3ขา(LLไม่น้อยกว่า200kg/m²) ขนาด 0.35 x 3.60 m.',283.50,'แผ่น',283.50,1,'wait','2018-07-17 01:02:30'),
	(758,193,'แผ่นพื้นสำเร็จรูป ชนิด3ขา(LLไม่น้อยกว่า450kg/m²) ขนาด 0.35 x 2.27 m.',1.00,'แผ่น',1.00,1,'wait','2018-07-17 01:02:30'),
	(759,193,'แผ่นพื้นสำเร็จรูป ชนิด3ขา(LLไม่น้อยกว่า450kg/m²) ขนาด 0.35 x 3.95 m.',746.56,'แผ่น',373.28,2,'wait','2018-07-17 01:02:30'),
	(760,193,'แผ่นพื้นสำเร็จรูป ชนิด3ขา(LLไม่น้อยกว่า200kg/m²) ขนาด 0.35 x 1.67 m.',122.75,'แผ่น',122.75,1,'wait','2018-07-17 01:02:30'),
	(761,193,'แผ่นพื้นสำเร็จรูป ชนิด3ขา(LLไม่น้อยกว่า200kg/m²) ขนาด 0.35 x 1.83 m.',134.51,'แผ่น',134.51,1,'wait','2018-07-17 01:02:30'),
	(762,193,'แผ่นพื้นสำเร็จรูป ชนิด3ขา(LLไม่น้อยกว่า200kg/m²) ขนาด 0.35 x 2.10 m.',154.35,'แผ่น',154.35,1,'wait','2018-07-17 01:02:30'),
	(763,193,'แผ่นพื้นสำเร็จรูป ชนิด3ขา(LLไม่น้อยกว่า450kg/m²) ขนาด 0.35 x 2.30 m.',338.10,'แผ่น',338.10,1,'wait','2018-07-17 01:02:30'),
	(764,193,'แผ่นพื้นสำเร็จรูป ชนิด3ขา(LLไม่น้อยกว่า200kg/m²) ขนาด 0.35 x 1.37 m.',100.70,'แผ่น',100.70,1,'wait','2018-07-17 01:02:30'),
	(765,193,'แผ่นพื้นสำเร็จรูป ชนิด3ขา(LLไม่น้อยกว่า200kg/m²) ขนาด 0.35 x 1.07 m.',0.00,'แผ่น',0.00,1,'wait','2018-07-17 01:02:30'),
	(766,194,'ถังบำบัดน้ำเสีย (EC-5) 1600 ลิตร',1.00,'ใบ',1.00,1,'wait','2018-07-17 01:02:30'),
	(767,194,'ถังบำบัดน้ำเสีย (EC-3) 1100 ลิตร',1.00,'ใบ',1.00,1,'wait','2018-07-17 01:02:30'),
	(768,194,'ถังดักไขมัน GT.-20UG',1.00,'ใบ',1.00,1,'wait','2018-07-17 01:02:30'),
	(769,194,'ถังดักไขมัน GT.-20UG',1.00,'ใบ',1.00,1,'wait','2018-07-17 01:02:30'),
	(770,195,'Modern Drain No.MDT 70 ขนาด2\"  (เฉพาะใช้สำหรับงานกระเบื้อง)',1.00,'ชุด',1.00,1,'wait','2018-07-17 01:02:30'),
	(771,195,'Modern Drain No.MDT 70 ขนาด2\"  (ตัวฝัง+ฝาใช้สำหรับงานกระเบื้อง)',580.00,'ชุด',580.00,1,'wait','2018-07-17 01:02:30'),
	(772,195,'Modern Drain No.MDR-FN 46 ขนาด2\"   (รุ่นก้นกันกลิ่น)',470.00,'ชุด',470.00,1,'wait','2018-07-17 01:02:30'),
	(773,196,'โครงหลังคา Demo',1.00,'1',1.00,1,'wait','2018-07-17 01:02:30'),
	(774,197,'วงกบไม้เนื้อแข็ง DEMO',1.00,'1',1.00,1,'wait','2018-07-17 01:02:30'),
	(775,198,'วงกบ ไม้สังเคราะห์ 2\"x4\"แบบเหลี่ยม บังใบ38 mm.   (80x210 ) HDFCMT8',1.00,'วง',1.00,1,'wait','2018-07-17 01:02:30'),
	(776,199,'ฉากกั้นอาบน้ำ TEMPERED GLASS  บานเปลื่อย',1.00,'ตู้',1.00,1,'wait','2018-07-17 01:02:30'),
	(777,199,'ฉากกั้นอาบน้ำ กั้นระหว่างห้องชักโครก และห้องอาบน้ำ',1.00,'ตู้',1.00,1,'wait','2018-07-17 01:02:30'),
	(778,200,'ไม้เชิงชายสำเร็จรูปCONWOOD 8\"  สีงาช้าง',190.00,'แผ่น',190.00,1,'wait','2018-07-17 01:04:22'),
	(779,200,'บัวเชิงผนังสำเร็จรูปCOONWOOD  ขนาด4\" (ระแนงตัดชิ้น สีงาช้าง) หนา 11 mm.',53.00,'แผ่น',53.00,1,'wait','2018-07-17 01:04:22'),
	(780,201,'ราวบันไดกันตก',1.00,'แปลง',1.00,1,'wait','2018-07-17 01:04:22'),
	(781,202,'อิฐ Q-CON 7.5 Cm.',13.00,'ก้อน',13.00,1,'wait','2018-07-17 01:04:22'),
	(782,202,'อิฐ Q-CON 15 Cm.',26.00,'ก้อน',26.00,1,'wait','2018-07-17 01:04:22'),
	(783,202,'อิฐ Q-CON 12.5 Cm.',21.67,'ก้อน',21.67,1,'wait','2018-07-17 01:04:22');

/*!40000 ALTER TABLE `ordering_detail` ENABLE KEYS */;
UNLOCK TABLES;


# Dump of table project
# ------------------------------------------------------------

DROP TABLE IF EXISTS `project`;

CREATE TABLE `project` (
  `id` int(11) NOT NULL AUTO_INCREMENT,
  `code` varchar(45) NOT NULL DEFAULT '0',
  `name` varchar(100) NOT NULL,
  `type` varchar(45) NOT NULL,
  `created_at` datetime NOT NULL DEFAULT CURRENT_TIMESTAMP,
  `status` enum('ready','ip','done') NOT NULL DEFAULT 'ready',
  `address` varchar(100) DEFAULT NULL,
  PRIMARY KEY (`id`)
) ENGINE=InnoDB DEFAULT CHARSET=utf8;

LOCK TABLES `project` WRITE;
/*!40000 ALTER TABLE `project` DISABLE KEYS */;

INSERT INTO `project` (`id`, `code`, `name`, `type`, `created_at`, `status`, `address`)
VALUES
	(8,'LC0001','มัณฑนา บางนา กม.7','1','2018-05-29 10:36:24','ip','test'),
	(9,'FB0003','มัณฑนา อ่อนนุช วงแหวน4','1','2018-05-20 13:43:16','ip',NULL),
	(10,'AC0001','มัณฑนา ศรีนครินทร์ ร่มเกล้า','1','2018-05-20 13:43:12','ip',NULL),
	(11,'NC0001','นันทวัน บางนา กม.7','2','2018-05-02 00:13:43','done',NULL),
	(12,'N5','นันทวัน รามอินทรา พหลโยธิน 50','2','2018-06-09 14:02:32','ip','พหลโยธิน 50');

/*!40000 ALTER TABLE `project` ENABLE KEYS */;
UNLOCK TABLES;


# Dump of table store
# ------------------------------------------------------------

DROP TABLE IF EXISTS `store`;

CREATE TABLE `store` (
  `id` int(11) NOT NULL AUTO_INCREMENT,
  `name` varchar(100) NOT NULL,
  `type` varchar(100) DEFAULT NULL,
  `contact` varchar(45) DEFAULT NULL,
  `fax` varchar(45) DEFAULT NULL,
  `tel` varchar(45) NOT NULL,
  `address` text,
  `created_at` datetime NOT NULL DEFAULT CURRENT_TIMESTAMP,
  PRIMARY KEY (`id`)
) ENGINE=InnoDB DEFAULT CHARSET=utf8;

LOCK TABLES `store` WRITE;
/*!40000 ALTER TABLE `store` DISABLE KEYS */;

INSERT INTO `store` (`id`, `name`, `type`, `contact`, `fax`, `tel`, `address`, `created_at`)
VALUES
	(30,'พีซีเอ็ม คอนสตรัคชั่นแมททีเรียล จำกัด','แผ่นพื้นสำเร็จรูป','คุณหนู','02-9870671','02-9870671','','2018-06-08 17:48:25'),
	(31,'เมโทรโปลิแทน  โปรดักส์  จำกัด','เสาเข็ม','คุณ จวง                  ','02-517-5167','02-517-5167','','2018-06-01 18:30:47'),
	(32,'ควอลิตี้คอนสตรัคชั่นโปรดักส์  จำกัด (มหาชน)','อิฐมวลเบา','คุณ ตาล','035-258948','035-258948','','2018-06-01 18:35:16'),
	(33,'บริษัทโมเดร์น เอเวอร์นิว','ตะแกรงระบายน้ำ(Modern Drain)','','','','','2018-07-04 23:44:27'),
	(34,'SPV','เชิงชาย/ผนังไม้ประดับ/ไม้บัว(CONWOOD)','คุณอุ้ม','02-8962744','','','2018-07-04 23:49:15'),
	(36,'พรีเมียร์ โพร์ดักส์ จำกัด','ถังบำบัดน้ำเสีย/ถังเก็บน้ำ(PP)','คุณ เจษฏา','02-3012306','02-3012306','','2018-07-15 22:56:09'),
	(37,'ร้านเหล็กโครงหลังคา DEMO','เหล็กโครงหลังคา','moo','0987736475','0987736475','','2018-07-15 23:04:49'),
	(38,'พาราซโซ่ กรุ๊ป (ประเทศไทย)  จำกัด','วงกบประตู (UPVC)','คุณ  เอ๋','02-2853937','02-2853937','','2018-07-15 23:07:48'),
	(39,'ร้านวงกบไม้เนื้อแข็ง DEMO','วงกบไม้เนื้อแข็ง','moo','','0987746576','','2018-07-15 23:14:42'),
	(40,'แกรนด์โฮม','กระเบื้อง/สุขภัณฑ์/ฉากกั้นอาบน้ำ','คุณโบว์','02-5805114','02-5805114','','2018-07-15 23:16:42'),
	(41,'A-BLE HOUSEWARES CO.,LTD.','บันได/ราวบันได(A-BLE)','คุณติ๊ก','02-4291775','02-4291775','','2018-07-15 23:23:40'),
	(42,'หจก.โรงเลื่อยจักรท่าเสา','บันได(ท่าเสา)','คุณ  มล','055-412479','055-412479','','2018-07-15 23:27:30'),
	(43,'มักกะสัน สเตนเลสสตีล จำกัด','ราวระเบียงกระจก Temperated ','คุณ คมดี','02-487-5495,034-867633','02-487-5495,034-867633','','2018-07-15 23:34:01');

/*!40000 ALTER TABLE `store` ENABLE KEYS */;
UNLOCK TABLES;


# Dump of table user
# ------------------------------------------------------------

DROP TABLE IF EXISTS `user`;

CREATE TABLE `user` (
  `id` int(11) NOT NULL AUTO_INCREMENT,
  `name` varchar(50) NOT NULL,
  `username` varchar(15) NOT NULL,
  `password` varchar(255) NOT NULL,
  `email` varchar(50) DEFAULT NULL,
  `phone` varchar(10) DEFAULT NULL,
  `address` varchar(45) DEFAULT NULL,
  `position` enum('ADMIN','PURCHASING','TECHNICIAN') NOT NULL,
  `created_at` datetime DEFAULT CURRENT_TIMESTAMP,
  PRIMARY KEY (`id`),
  UNIQUE KEY `id_UNIQUE` (`id`),
  UNIQUE KEY `username_UNIQUE` (`username`)
) ENGINE=InnoDB DEFAULT CHARSET=utf8;

LOCK TABLES `user` WRITE;
/*!40000 ALTER TABLE `user` DISABLE KEYS */;

INSERT INTO `user` (`id`, `name`, `username`, `password`, `email`, `phone`, `address`, `position`, `created_at`)
VALUES
	(8,'ปกครอง','pokkrong','$2b$10$hf2.HhHw/JaSgWcu8QquTuN1GA1yfenagDWDItYntrpFDPo2BTFse','pokkrong@gmail.com','012374857','test','ADMIN','2018-07-08 14:38:37'),
	(9,'หัวหน้างาน1','technician1','$2b$10$jJuyLnIKVmkbqROIUgaWqOUcmNoxtBcZrk7r9czhPHr1B4Wborjtq','technician@gmail.com','0987763545','testdfdsfdxfsdf','TECHNICIAN','2018-07-16 23:31:41'),
	(10,'ฝ่านฃยจัดซื้อ1','purchasing1','$2b$10$zGkGre2FOL1pwQDm9SbMWue/nwqklQeMok8ydWj2K3aPYmwaw7NKe','purchasing@gmail.com','0987774653','','PURCHASING','2018-07-16 23:32:09'),
	(11,'หัวหน้างาน2','technician2','$2b$10$PRHVfZ0mqJx03EfmAWsV9OUxYjtdVcD3uMwfTecJ0uneLjB1/Uha2','technician2@gmail.com','0298847586','test','TECHNICIAN','2018-07-17 00:53:41');

/*!40000 ALTER TABLE `user` ENABLE KEYS */;
UNLOCK TABLES;


# Dump of table work_order
# ------------------------------------------------------------

DROP TABLE IF EXISTS `work_order`;

CREATE TABLE `work_order` (
  `id` int(11) NOT NULL AUTO_INCREMENT,
  `time` tinyint(2) NOT NULL,
  `pre_order` int(11) DEFAULT NULL,
  `created_at` datetime NOT NULL DEFAULT CURRENT_TIMESTAMP,
  PRIMARY KEY (`id`)
) ENGINE=InnoDB DEFAULT CHARSET=utf8;

LOCK TABLES `work_order` WRITE;
/*!40000 ALTER TABLE `work_order` DISABLE KEYS */;

INSERT INTO `work_order` (`id`, `time`, `pre_order`, `created_at`)
VALUES
	(1,1,7,'2018-07-15 23:44:04'),
	(2,2,3,'2018-07-11 01:08:57'),
	(14,3,0,'2018-07-09 00:01:36'),
	(15,4,0,'2018-07-09 00:01:54'),
	(16,5,0,'2018-07-09 00:04:28'),
	(17,6,0,'2018-07-09 00:04:44'),
	(18,7,0,'2018-07-09 00:05:07'),
	(19,8,0,'2018-07-09 00:05:24'),
	(20,9,0,'2018-07-09 00:05:37'),
	(21,10,0,'2018-07-09 00:05:44');

/*!40000 ALTER TABLE `work_order` ENABLE KEYS */;
UNLOCK TABLES;


# Dump of table work_order_detail
# ------------------------------------------------------------

DROP TABLE IF EXISTS `work_order_detail`;

CREATE TABLE `work_order_detail` (
  `id` int(11) NOT NULL AUTO_INCREMENT,
  `work_order_time` tinyint(2) NOT NULL,
  `order` tinyint(2) NOT NULL,
  `name` varchar(100) NOT NULL,
  `post_order` int(11) DEFAULT NULL,
  `created_at` datetime NOT NULL DEFAULT CURRENT_TIMESTAMP,
  PRIMARY KEY (`id`)
) ENGINE=InnoDB DEFAULT CHARSET=utf8;

LOCK TABLES `work_order_detail` WRITE;
/*!40000 ALTER TABLE `work_order_detail` DISABLE KEYS */;

INSERT INTO `work_order_detail` (`id`, `work_order_time`, `order`, `name`, `post_order`, `created_at`)
VALUES
	(620,3,1,' งานก่ออิฐ 100%',NULL,'2018-07-09 00:01:36'),
	(621,3,3,'งานบัวผนังภายนอก',NULL,'2018-07-09 00:01:36'),
	(622,3,2,'งานฉาบปูน (ไม่รวมผนังในห้องน้ำ)',NULL,'2018-07-09 00:01:36'),
	(623,4,1,' งานผนังห้องน้ำบน-ล่างและเคาน์เตอร์ครัว',NULL,'2018-07-09 00:01:54'),
	(624,4,3,'งานฝ้าภายนอกรอบบน100%',NULL,'2018-07-09 00:01:54'),
	(625,4,2,'งานร้อยสายไฟภายในอาคาร',NULL,'2018-07-09 00:01:54'),
	(646,5,2,' งานโครงฝ้าภายในอาคาร(ชั้นล่าง)',NULL,'2018-07-09 00:04:28'),
	(647,5,4,'สีภายนอกช่วงบน',NULL,'2018-07-09 00:04:28'),
	(648,5,1,' งานโครงฝ้าภายในอาคาร(ชั้นล่าง)',NULL,'2018-07-09 00:04:28'),
	(649,5,3,'งานมุงหลังคารอบล่าง',NULL,'2018-07-09 00:04:28'),
	(650,6,2,' งานบันไดไม้50%(เสา,ราวลูกกรง)',NULL,'2018-07-09 00:04:44'),
	(651,6,4,'งานฝ้าภายนอกรอบล่างทั้งหมด',NULL,'2018-07-09 00:04:44'),
	(652,6,1,'งานหน้าต่างชั้นบน',NULL,'2018-07-09 00:04:44'),
	(653,6,3,'งานท่อภายนอกทั้งหมด',NULL,'2018-07-09 00:04:44'),
	(654,6,5,'งานฝ้าภายใน100%',NULL,'2018-07-09 00:04:44'),
	(655,7,2,'งานสีภายใน รองพื้น แต่งผิว',NULL,'2018-07-09 00:05:07'),
	(656,7,1,' งานสีจริงภายนอกช่วงล่าง80%',NULL,'2018-07-09 00:05:07'),
	(657,7,3,'งานบันไดไม้100%(ลูกนอน+ชานพัก)',NULL,'2018-07-09 00:05:07'),
	(658,7,4,'งานปูพื้นผิวชั้นล่างและห้องน้ำชั้นล่าง',NULL,'2018-07-09 00:05:07'),
	(659,7,5,'งานถนน+ซักล้าง',NULL,'2018-07-09 00:05:07'),
	(660,8,2,' งานไฟฟ้า (อุปกรณ์)',NULL,'2018-07-09 00:05:24'),
	(661,8,1,' ติดตั้งไม้พื้นสำเร็จรูปลามิเนต',NULL,'2018-07-09 00:05:24'),
	(662,8,3,' งานประตู+หน้าต่าง100%',NULL,'2018-07-09 00:05:24'),
	(663,8,4,' งานสุขภัณฑ์และอุปกรณ์',NULL,'2018-07-09 00:05:24'),
	(664,9,2,' *เก็บทำความสะอาด(ส่งงวด9)',NULL,'2018-07-09 00:05:37'),
	(665,9,1,' เก็บงานสีก่อนหมวด 6',NULL,'2018-07-09 00:05:37'),
	(666,10,1,' สั่งจ่ายงวด 10',NULL,'2018-07-09 00:05:44'),
	(692,2,2,' งานหล่อเคาน์เตอร์ครัว',NULL,'2018-07-11 01:08:57'),
	(693,2,1,'งานเชิงชาย+ผนังไม้สำเร็จรูป',NULL,'2018-07-11 01:08:57'),
	(694,2,4,'มุงหลังคารอบบน',NULL,'2018-07-11 01:08:57'),
	(695,2,3,' งานเดินท่อประปาภายในอาคาร',NULL,'2018-07-11 01:08:57'),
	(711,1,1,'ทำสัญญาก่อสร้าง',3,'2018-07-15 23:44:04'),
	(712,1,2,' ถังบำบัดน้ำเสีย-บ่อดักไขมัน-ถังเก็บน้ำใต้ดิน',4,'2018-07-15 23:44:04'),
	(713,1,3,'งานเดินท่อประปาใต้อาคาร',5,'2018-07-15 23:44:04'),
	(714,1,4,'งานเทพื้นชั้น 1 100%',6,'2018-07-15 23:44:04'),
	(715,1,5,'งานโครงหลังคารอบบน',8,'2018-07-15 23:44:04');

/*!40000 ALTER TABLE `work_order_detail` ENABLE KEYS */;
UNLOCK TABLES;


# Dump of table work_order_preiod
# ------------------------------------------------------------

DROP TABLE IF EXISTS `work_order_preiod`;

CREATE TABLE `work_order_preiod` (
  `id` int(11) NOT NULL AUTO_INCREMENT,
  `work_order_time` int(11) NOT NULL,
  `order` int(11) NOT NULL,
  `house_id` varchar(100) NOT NULL,
  `preiod` tinyint(3) DEFAULT NULL,
  `preiod_end` tinyint(3) DEFAULT NULL,
  `condition` tinyint(2) DEFAULT NULL,
  `created_at` datetime NOT NULL DEFAULT CURRENT_TIMESTAMP,
  PRIMARY KEY (`id`)
) ENGINE=InnoDB DEFAULT CHARSET=utf8;

LOCK TABLES `work_order_preiod` WRITE;
/*!40000 ALTER TABLE `work_order_preiod` DISABLE KEYS */;

INSERT INTO `work_order_preiod` (`id`, `work_order_time`, `order`, `house_id`, `preiod`, `preiod_end`, `condition`, `created_at`)
VALUES
	(1,1,1,'198PWY',0,0,0,'2018-07-08 16:30:33'),
	(2,1,1,'119PWY',10,NULL,1,'2018-07-08 16:31:17'),
	(3,1,1,'237PWY',9,NULL,1,'2018-07-08 16:31:17'),
	(4,1,2,'198PWY',15,3,1,'2018-07-08 22:03:36'),
	(5,1,4,'198PWY',9,7,1,'2018-07-08 22:03:36'),
	(6,1,3,'198PWY',0,7,1,'2018-07-08 22:03:36'),
	(7,1,5,'198PWY',8,4,1,'2018-07-08 22:03:36'),
	(12,1,2,'169PWY',13,NULL,1,'2018-07-08 22:05:09'),
	(13,1,1,'169PWY',13,NULL,1,'2018-07-08 22:05:09'),
	(14,1,3,'169PWY',13,NULL,1,'2018-07-08 22:05:09'),
	(15,1,4,'169PWY',13,NULL,1,'2018-07-08 22:05:09'),
	(16,1,5,'169PWY',13,NULL,1,'2018-07-08 22:05:09'),
	(17,2,4,'198PWY',0,0,NULL,'2018-07-08 22:54:01'),
	(18,2,3,'198PWY',1,7,3,'2018-07-08 22:54:01'),
	(19,2,1,'198PWY',11,5,5,'2018-07-08 22:54:01'),
	(20,2,2,'198PWY',1,5,5,'2018-07-08 22:54:01'),
	(21,3,2,'198PWY',4,9,10,'2018-07-08 22:58:24'),
	(22,3,1,'198PWY',4,9,8,'2018-07-08 22:58:24'),
	(23,3,3,'198PWY',1,4,10,'2018-07-08 22:58:24'),
	(24,4,1,'198PWY',0,14,11,'2018-07-08 22:58:43'),
	(25,4,2,'198PWY',9,5,11,'2018-07-08 22:58:43'),
	(26,4,3,'198PWY',4,10,11,'2018-07-08 22:58:43'),
	(27,5,2,'198PWY',1,5,13,'2018-07-08 22:59:31'),
	(28,5,3,'198PWY',0,0,NULL,'2018-07-08 22:59:31'),
	(29,5,1,'198PWY',0,12,15,'2018-07-08 22:59:31'),
	(30,5,4,'198PWY',7,15,11,'2018-07-08 22:59:31'),
	(31,6,2,'198PWY',2,2,17,'2018-07-08 23:00:07'),
	(32,6,1,'198PWY',0,0,NULL,'2018-07-08 23:00:07'),
	(33,6,3,'198PWY',8,3,19,'2018-07-08 23:00:07'),
	(34,6,4,'198PWY',0,4,16,'2018-07-08 23:00:07'),
	(35,6,5,'198PWY',0,11,23,'2018-07-08 23:00:07'),
	(36,7,1,'198PWY',0,10,24,'2018-07-08 23:01:07'),
	(37,7,3,'198PWY',0,7,21,'2018-07-08 23:01:07'),
	(38,7,2,'198PWY',0,15,25,'2018-07-08 23:01:07'),
	(39,7,4,'198PWY',11,25,17,'2018-07-08 23:01:07'),
	(40,7,5,'198PWY',8,7,22,'2018-07-08 23:01:07'),
	(41,8,1,'198PWY',0,0,NULL,'2018-07-08 23:01:49'),
	(42,8,3,'198PWY',10,7,28,'2018-07-08 23:01:49'),
	(43,8,2,'198PWY',30,5,14,'2018-07-08 23:01:49'),
	(44,8,4,'198PWY',16,9,28,'2018-07-08 23:01:49'),
	(45,9,1,'198PWY',0,15,26,'2018-07-08 23:02:06'),
	(46,9,2,'198PWY',0,12,33,'2018-07-08 23:02:06'),
	(47,10,1,'198PWY',0,15,35,'2018-07-08 23:02:27');

/*!40000 ALTER TABLE `work_order_preiod` ENABLE KEYS */;
UNLOCK TABLES;



/*!40111 SET SQL_NOTES=@OLD_SQL_NOTES */;
/*!40101 SET SQL_MODE=@OLD_SQL_MODE */;
/*!40014 SET FOREIGN_KEY_CHECKS=@OLD_FOREIGN_KEY_CHECKS */;
/*!40101 SET CHARACTER_SET_CLIENT=@OLD_CHARACTER_SET_CLIENT */;
/*!40101 SET CHARACTER_SET_RESULTS=@OLD_CHARACTER_SET_RESULTS */;
/*!40101 SET COLLATION_CONNECTION=@OLD_COLLATION_CONNECTION */;
