# ************************************************************
# Sequel Pro SQL dump
# Version 4541
#
# http://www.sequelpro.com/
# https://github.com/sequelpro/sequelpro
#
# Host: 127.0.0.1 (MySQL 5.7.21)
# Database: construction
# Generation Time: 2018-07-27 06:19:13 +0000
# ************************************************************


/*!40101 SET @OLD_CHARACTER_SET_CLIENT=@@CHARACTER_SET_CLIENT */;
/*!40101 SET @OLD_CHARACTER_SET_RESULTS=@@CHARACTER_SET_RESULTS */;
/*!40101 SET @OLD_COLLATION_CONNECTION=@@COLLATION_CONNECTION */;
/*!40101 SET NAMES utf8 */;
/*!40014 SET @OLD_FOREIGN_KEY_CHECKS=@@FOREIGN_KEY_CHECKS, FOREIGN_KEY_CHECKS=0 */;
/*!40101 SET @OLD_SQL_MODE=@@SQL_MODE, SQL_MODE='NO_AUTO_VALUE_ON_ZERO' */;
/*!40111 SET @OLD_SQL_NOTES=@@SQL_NOTES, SQL_NOTES=0 */;


# Dump of table contract
# ------------------------------------------------------------

DROP TABLE IF EXISTS `contract`;

CREATE TABLE `contract` (
  `id` int(11) NOT NULL AUTO_INCREMENT,
  `code` varchar(45) NOT NULL,
  `project_id` int(11) NOT NULL,
  `contract_type` varchar(30) NOT NULL,
  `plan` varchar(45) NOT NULL,
  `house_id` varchar(100) NOT NULL,
  `price` decimal(15,2) NOT NULL DEFAULT '0.00',
  `date_start` date DEFAULT NULL,
  `paid` decimal(15,2) DEFAULT NULL,
  `status` enum('wait','ip','done') NOT NULL DEFAULT 'wait',
  `assign` int(11) DEFAULT NULL,
  `created_at` datetime NOT NULL DEFAULT CURRENT_TIMESTAMP,
  PRIMARY KEY (`id`),
  UNIQUE KEY `code_UNIQUE` (`code`)
) ENGINE=InnoDB DEFAULT CHARSET=utf8;

LOCK TABLES `contract` WRITE;
/*!40000 ALTER TABLE `contract` DISABLE KEYS */;

INSERT INTO `contract` (`id`, `code`, `project_id`, `contract_type`, `plan`, `house_id`, `price`, `date_start`, `paid`, `status`, `assign`, `created_at`)
VALUES
	(19,'DB0001',11,'10 งวด','F03','198PWY',2300000.00,'2018-07-11',230000.00,'done',11,'2018-07-11 23:34:49'),
	(20,'AB0001',11,'10 งวด','F03','198PWY',1240000.00,'2018-07-19',124000.00,'ip',11,'2018-07-19 23:33:27'),
	(21,'AC0002',12,'10 งวด','E01','198PWY',2000000.00,'2018-07-20',200000.00,'ip',11,'2018-07-20 01:44:42'),
	(22,'DD0001',12,'10 งวด','F03','198PWY',2000000.00,'2018-07-20',200000.00,'ip',9,'2018-07-20 10:03:26'),
	(23,'TEST01',12,'10 งวด','F03','198PWY',2500000.00,'2018-07-20',250000.00,'ip',9,'2018-07-20 10:45:28'),
	(24,'TEST02',12,'10 งวด','F03','198PWY',15900000.00,'2018-07-21',1590000.00,'ip',9,'2018-07-21 12:44:40'),
	(25,'TT0001',8,'10 งวด','F03','198PWY',20000000.00,'2018-07-23',2000000.00,'ip',11,'2018-07-23 00:40:22');

/*!40000 ALTER TABLE `contract` ENABLE KEYS */;
UNLOCK TABLES;


# Dump of table contract_preiod
# ------------------------------------------------------------

DROP TABLE IF EXISTS `contract_preiod`;

CREATE TABLE `contract_preiod` (
  `id` int(11) NOT NULL AUTO_INCREMENT,
  `house_id` varchar(100) NOT NULL,
  `time` tinyint(2) NOT NULL,
  `preiod` tinyint(3) NOT NULL DEFAULT '0',
  `created_at` datetime NOT NULL DEFAULT CURRENT_TIMESTAMP,
  PRIMARY KEY (`id`)
) ENGINE=InnoDB DEFAULT CHARSET=utf8;

LOCK TABLES `contract_preiod` WRITE;
/*!40000 ALTER TABLE `contract_preiod` DISABLE KEYS */;

INSERT INTO `contract_preiod` (`id`, `house_id`, `time`, `preiod`, `created_at`)
VALUES
	(11,'198PWY',1,17,'2018-05-23 23:32:14'),
	(12,'198PWY',2,12,'2018-05-23 23:32:14'),
	(13,'198PWY',3,13,'2018-05-23 23:32:14'),
	(14,'198PWY',4,12,'2018-05-23 23:32:14'),
	(15,'198PWY',5,12,'2018-05-23 23:32:14'),
	(16,'198PWY',6,15,'2018-05-23 23:32:14'),
	(17,'198PWY',7,15,'2018-05-23 23:32:14'),
	(18,'198PWY',8,25,'2018-05-23 23:32:14'),
	(19,'198PWY',9,12,'2018-05-23 23:32:14'),
	(20,'198PWY',10,15,'2018-05-23 23:32:14'),
	(21,'119PWY',1,15,'2018-05-23 23:32:14'),
	(22,'119PWY',2,10,'2018-05-23 23:32:14'),
	(23,'119PWY',3,10,'2018-05-23 23:32:14'),
	(24,'119PWY',4,10,'2018-05-23 23:32:14'),
	(25,'119PWY',5,10,'2018-05-23 23:32:14'),
	(26,'119PWY',6,10,'2018-05-23 23:32:14'),
	(27,'119PWY',7,8,'2018-05-23 23:32:14'),
	(28,'119PWY',8,10,'2018-05-23 23:32:14'),
	(29,'119PWY',9,7,'2018-05-23 23:32:14'),
	(30,'119PWY',10,15,'2018-05-23 23:32:14'),
	(41,'169PWY',1,17,'2018-05-23 23:32:14'),
	(42,'169PWY',2,12,'2018-05-23 23:32:14'),
	(43,'169PWY',3,13,'2018-05-23 23:32:14'),
	(44,'169PWY',4,12,'2018-05-23 23:32:14'),
	(45,'169PWY',5,12,'2018-05-23 23:32:14'),
	(46,'169PWY',6,15,'2018-05-23 23:32:14'),
	(47,'169PWY',7,15,'2018-05-23 23:32:14'),
	(48,'169PWY',8,25,'2018-05-23 23:32:14'),
	(49,'169PWY',9,12,'2018-05-23 23:32:14'),
	(50,'169PWY',10,15,'2018-05-23 23:32:14'),
	(51,'237PWY',1,20,'2018-05-23 23:32:14'),
	(52,'237PWY',2,15,'2018-05-23 23:32:14'),
	(53,'237PWY',3,15,'2018-05-23 23:32:14'),
	(54,'237PWY',4,15,'2018-05-23 23:32:14'),
	(55,'237PWY',5,14,'2018-05-23 23:32:14'),
	(56,'237PWY',6,16,'2018-05-23 23:32:14'),
	(57,'237PWY',7,18,'2018-05-23 23:32:14'),
	(58,'237PWY',8,25,'2018-05-23 23:32:14'),
	(59,'237PWY',9,12,'2018-05-23 23:32:14'),
	(60,'237PWY',10,15,'2018-05-23 23:32:14'),
	(61,'105PWY',1,10,'2018-05-23 23:32:14'),
	(62,'105PWY',2,8,'2018-05-23 23:32:14'),
	(63,'105PWY',3,10,'2018-05-23 23:32:14'),
	(64,'105PWY',4,10,'2018-05-23 23:32:14'),
	(65,'105PWY',5,8,'2018-05-23 23:32:14'),
	(66,'105PWY',6,9,'2018-05-23 23:32:14'),
	(67,'105PWY',7,8,'2018-05-23 23:32:14'),
	(68,'105PWY',8,10,'2018-05-23 23:32:14'),
	(69,'105PWY',9,7,'2018-05-23 23:32:14'),
	(70,'105PWY',10,10,'2018-05-23 23:32:14'),
	(72,'142PWY',1,15,'2018-05-23 23:32:14'),
	(73,'142PWY',2,10,'2018-05-23 23:32:14'),
	(74,'142PWY',3,10,'2018-05-23 23:32:14'),
	(75,'142PWY',4,12,'2018-05-23 23:32:14'),
	(76,'142PWY',5,12,'2018-05-23 23:32:14'),
	(77,'142PWY',6,12,'2018-05-23 23:32:14'),
	(78,'142PWY',7,12,'2018-05-23 23:32:14'),
	(79,'142PWY',8,12,'2018-05-23 23:32:14'),
	(80,'142PWY',9,10,'2018-05-23 23:32:14'),
	(81,'142PWY',10,15,'2018-05-23 23:32:14');

/*!40000 ALTER TABLE `contract_preiod` ENABLE KEYS */;
UNLOCK TABLES;


# Dump of table contract_progress
# ------------------------------------------------------------

DROP TABLE IF EXISTS `contract_progress`;

CREATE TABLE `contract_progress` (
  `id` int(11) NOT NULL AUTO_INCREMENT,
  `contract_code` varchar(45) NOT NULL,
  `time` tinyint(2) NOT NULL,
  `order` tinyint(2) NOT NULL,
  `order_all` tinyint(3) NOT NULL,
  `name` varchar(255) NOT NULL,
  `start_date` date DEFAULT NULL,
  `end_date` date DEFAULT NULL,
  `real_date` date DEFAULT NULL,
  `delay` int(6) NOT NULL,
  `condition` tinyint(3) DEFAULT NULL,
  `status` enum('pending','wait','ip','done') NOT NULL,
  `created_at` datetime DEFAULT CURRENT_TIMESTAMP,
  `contract_progresscol` varchar(45) DEFAULT NULL,
  PRIMARY KEY (`id`)
) ENGINE=InnoDB DEFAULT CHARSET=utf8;

LOCK TABLES `contract_progress` WRITE;
/*!40000 ALTER TABLE `contract_progress` DISABLE KEYS */;

INSERT INTO `contract_progress` (`id`, `contract_code`, `time`, `order`, `order_all`, `name`, `start_date`, `end_date`, `real_date`, `delay`, `condition`, `status`, `created_at`, `contract_progresscol`)
VALUES
	(3324,'AC0002',1,1,1,'ทำสัญญาก่อสร้าง','2018-07-20','2018-07-20','2018-07-20',0,0,'done','2018-07-20 01:44:42',NULL),
	(3325,'AC0002',1,2,2,' ถังบำบัดน้ำเสีย-บ่อดักไขมัน-ถังเก็บน้ำใต้ดิน','2018-08-04','2018-08-07',NULL,0,1,'ip','2018-07-20 01:44:42',NULL),
	(3326,'AC0002',1,3,3,'งานเดินท่อประปาใต้อาคาร','2018-07-20','2018-07-27',NULL,0,1,'ip','2018-07-20 01:44:42',NULL),
	(3327,'AC0002',1,4,4,'งานเทพื้นชั้น 1 100%','2018-07-29','2018-08-05',NULL,0,1,'ip','2018-07-20 01:44:42',NULL),
	(3328,'AC0002',1,5,5,'งานโครงหลังคารอบบน','2018-07-28','2018-08-01',NULL,0,1,'ip','2018-07-20 01:44:42',NULL),
	(3329,'AC0002',2,1,6,'งานเชิงชาย+ผนังไม้สำเร็จรูป','2018-08-12','2018-08-17',NULL,0,5,'wait','2018-07-20 01:44:42',NULL),
	(3330,'AC0002',2,2,7,' งานหล่อเคาน์เตอร์ครัว','2018-08-02','2018-08-07',NULL,0,5,'wait','2018-07-20 01:44:42',NULL),
	(3331,'AC0002',2,3,8,' งานเดินท่อประปาภายในอาคาร','2018-07-28','2018-08-04',NULL,0,3,'wait','2018-07-20 01:44:42',NULL),
	(3332,'AC0002',2,4,9,'มุงหลังคารอบบน',NULL,NULL,NULL,0,NULL,'wait','2018-07-20 01:44:42',NULL),
	(3333,'AC0002',3,1,10,' งานก่ออิฐ 100%','2018-08-08','2018-08-17',NULL,0,8,'wait','2018-07-20 01:44:42',NULL),
	(3334,'AC0002',3,2,11,'งานฉาบปูน (ไม่รวมผนังในห้องน้ำ)','2018-08-21','2018-08-30',NULL,0,10,'wait','2018-07-20 01:44:42',NULL),
	(3335,'AC0002',3,3,12,'งานบัวผนังภายนอก','2018-08-18','2018-08-22',NULL,0,10,'wait','2018-07-20 01:44:42',NULL),
	(3336,'AC0002',4,1,13,' งานผนังห้องน้ำบน-ล่างและเคาน์เตอร์ครัว','2018-08-30','2018-09-13',NULL,0,11,'wait','2018-07-20 01:44:42',NULL),
	(3337,'AC0002',4,2,14,'งานร้อยสายไฟภายในอาคาร','2018-09-08','2018-09-13',NULL,0,11,'wait','2018-07-20 01:44:42',NULL),
	(3338,'AC0002',4,3,15,'งานฝ้าภายนอกรอบบน100%','2018-09-03','2018-09-13',NULL,0,11,'wait','2018-07-20 01:44:42',NULL),
	(3339,'AC0002',5,1,16,' งานโครงฝ้าภายในอาคาร(ชั้นล่าง)','2018-09-13','2018-09-25',NULL,0,15,'wait','2018-07-20 01:44:42',NULL),
	(3340,'AC0002',5,2,17,' งานโครงฝ้าภายในอาคาร(ชั้นล่าง)','2018-09-14','2018-09-19',NULL,0,13,'wait','2018-07-20 01:44:42',NULL),
	(3341,'AC0002',5,3,18,'งานมุงหลังคารอบล่าง',NULL,NULL,NULL,0,NULL,'wait','2018-07-20 01:44:42',NULL),
	(3342,'AC0002',6,1,20,'งานหน้าต่างชั้นบน',NULL,NULL,NULL,0,NULL,'wait','2018-07-20 01:44:42',NULL),
	(3343,'AC0002',6,2,21,' งานบันไดไม้50%(เสา,ราวลูกกรง)','2018-09-21','2018-09-23',NULL,0,17,'wait','2018-07-20 01:44:42',NULL),
	(3344,'AC0002',6,5,24,'งานฝ้าภายใน100%','2018-09-29','2018-10-10',NULL,0,23,'wait','2018-07-20 01:44:42',NULL),
	(3345,'AC0002',6,4,23,'งานฝ้าภายนอกรอบล่างทั้งหมด','2018-09-25','2018-09-29',NULL,0,16,'wait','2018-07-20 01:44:42',NULL),
	(3346,'AC0002',6,3,22,'งานท่อภายนอกทั้งหมด','2018-09-29','2018-10-02',NULL,0,19,'wait','2018-07-20 01:44:42',NULL),
	(3347,'AC0002',7,2,26,'งานสีภายใน รองพื้น แต่งผิว','2018-10-20','2018-11-04',NULL,0,25,'wait','2018-07-20 01:44:42',NULL),
	(3348,'AC0002',7,4,28,'งานปูพื้นผิวชั้นล่างและห้องน้ำชั้นล่าง','2018-09-30','2018-10-25',NULL,0,17,'wait','2018-07-20 01:44:42',NULL),
	(3349,'AC0002',7,1,25,' งานสีจริงภายนอกช่วงล่าง80%','2018-10-10','2018-10-20',NULL,0,24,'wait','2018-07-20 01:44:42',NULL),
	(3350,'AC0002',7,3,27,'งานบันไดไม้100%(ลูกนอน+ชานพัก)','2018-09-23','2018-09-30',NULL,0,21,'wait','2018-07-20 01:44:42',NULL),
	(3351,'AC0002',5,4,19,'สีภายนอกช่วงบน','2018-09-06','2018-09-21',NULL,0,11,'wait','2018-07-20 01:44:42',NULL),
	(3352,'AC0002',7,5,29,'งานถนน+ซักล้าง','2018-10-10','2018-10-17',NULL,0,22,'wait','2018-07-20 01:44:42',NULL),
	(3353,'AC0002',8,3,32,' งานประตู+หน้าต่าง100%','2018-11-04','2018-11-11',NULL,0,28,'wait','2018-07-20 01:44:42',NULL),
	(3354,'AC0002',8,1,30,' ติดตั้งไม้พื้นสำเร็จรูปลามิเนต',NULL,NULL,NULL,0,NULL,'wait','2018-07-20 01:44:42',NULL),
	(3355,'AC0002',8,2,31,' งานไฟฟ้า (อุปกรณ์)','2018-10-13','2018-10-18',NULL,0,14,'wait','2018-07-20 01:44:42',NULL),
	(3356,'AC0002',10,1,36,' สั่งจ่ายงวด 10','2018-12-01','2018-12-16',NULL,0,35,'wait','2018-07-20 01:44:42',NULL),
	(3357,'AC0002',9,2,35,' *เก็บทำความสะอาด(ส่งงวด9)','2018-11-19','2018-12-01',NULL,0,33,'wait','2018-07-20 01:44:42',NULL),
	(3358,'AC0002',9,1,34,' เก็บงานสีก่อนหมวด 6','2018-11-04','2018-11-19',NULL,0,26,'wait','2018-07-20 01:44:42',NULL),
	(3359,'AC0002',8,4,33,' งานสุขภัณฑ์และอุปกรณ์','2018-11-10','2018-11-19',NULL,0,28,'wait','2018-07-20 01:44:42',NULL),
	(3360,'DB0001',1,1,1,'ทำสัญญาก่อสร้าง','2018-07-20','2018-07-20','2018-07-20',0,0,'done','2018-07-20 01:46:31',NULL),
	(3361,'DB0001',1,4,4,'งานเทพื้นชั้น 1 100%','2018-07-29','2018-08-05','2018-07-20',-16,1,'done','2018-07-20 01:46:31',NULL),
	(3362,'DB0001',1,3,3,'งานเดินท่อประปาใต้อาคาร','2018-07-20','2018-07-27','2018-07-20',-7,1,'done','2018-07-20 01:46:31',NULL),
	(3363,'DB0001',1,2,2,' ถังบำบัดน้ำเสีย-บ่อดักไขมัน-ถังเก็บน้ำใต้ดิน','2018-08-04','2018-08-07','2018-07-20',-18,1,'done','2018-07-20 01:46:31',NULL),
	(3364,'DB0001',1,5,5,'งานโครงหลังคารอบบน','2018-07-28','2018-08-01','2018-07-20',-12,1,'done','2018-07-20 01:46:31',NULL),
	(3365,'DB0001',2,1,6,'งานเชิงชาย+ผนังไม้สำเร็จรูป','2018-08-12','2018-08-17','2018-07-20',-28,5,'done','2018-07-20 01:46:31',NULL),
	(3366,'DB0001',2,2,7,' งานหล่อเคาน์เตอร์ครัว','2018-08-02','2018-08-07','2018-07-20',-18,5,'done','2018-07-20 01:46:31',NULL),
	(3367,'DB0001',2,3,8,' งานเดินท่อประปาภายในอาคาร','2018-07-28','2018-08-04','2018-07-20',-15,3,'done','2018-07-20 01:46:31',NULL),
	(3368,'DB0001',3,2,11,'งานฉาบปูน (ไม่รวมผนังในห้องน้ำ)','2018-08-21','2018-08-30','2018-07-20',-41,10,'done','2018-07-20 01:46:31',NULL),
	(3369,'DB0001',3,1,10,' งานก่ออิฐ 100%','2018-08-08','2018-08-17','2018-07-20',-28,8,'done','2018-07-20 01:46:31',NULL),
	(3370,'DB0001',2,4,9,'มุงหลังคารอบบน',NULL,NULL,NULL,0,NULL,'wait','2018-07-20 01:46:31',NULL),
	(3371,'DB0001',3,3,12,'งานบัวผนังภายนอก','2018-08-18','2018-08-22','2018-07-20',-33,10,'done','2018-07-20 01:46:31',NULL),
	(3372,'DB0001',4,2,14,'งานร้อยสายไฟภายในอาคาร','2018-09-08','2018-09-13','2018-07-20',-55,11,'done','2018-07-20 01:46:31',NULL),
	(3373,'DB0001',4,3,15,'งานฝ้าภายนอกรอบบน100%','2018-09-03','2018-09-13','2018-07-20',-55,11,'done','2018-07-20 01:46:31',NULL),
	(3374,'DB0001',4,1,13,' งานผนังห้องน้ำบน-ล่างและเคาน์เตอร์ครัว','2018-08-30','2018-09-13','2018-07-20',-55,11,'done','2018-07-20 01:46:31',NULL),
	(3375,'DB0001',5,1,16,' งานโครงฝ้าภายในอาคาร(ชั้นล่าง)','2018-09-13','2018-09-25','2018-07-20',-67,15,'done','2018-07-20 01:46:31',NULL),
	(3376,'DB0001',6,1,20,'งานหน้าต่างชั้นบน',NULL,NULL,NULL,0,NULL,'wait','2018-07-20 01:46:31',NULL),
	(3377,'DB0001',5,4,19,'สีภายนอกช่วงบน','2018-09-06','2018-09-21','2018-07-20',-63,11,'done','2018-07-20 01:46:31',NULL),
	(3378,'DB0001',5,3,18,'งานมุงหลังคารอบล่าง',NULL,NULL,NULL,0,NULL,'wait','2018-07-20 01:46:31',NULL),
	(3379,'DB0001',5,2,17,' งานโครงฝ้าภายในอาคาร(ชั้นล่าง)','2018-09-14','2018-09-19','2018-07-20',-61,13,'done','2018-07-20 01:46:31',NULL),
	(3380,'DB0001',6,2,21,' งานบันไดไม้50%(เสา,ราวลูกกรง)','2018-09-21','2018-09-23','2018-07-20',-65,17,'done','2018-07-20 01:46:31',NULL),
	(3381,'DB0001',6,3,22,'งานท่อภายนอกทั้งหมด','2018-09-29','2018-10-02','2018-07-20',-74,19,'done','2018-07-20 01:46:31',NULL),
	(3382,'DB0001',6,4,23,'งานฝ้าภายนอกรอบล่างทั้งหมด','2018-09-25','2018-09-29','2018-07-20',-71,16,'done','2018-07-20 01:46:31',NULL),
	(3383,'DB0001',7,1,25,' งานสีจริงภายนอกช่วงล่าง80%','2018-10-10','2018-10-20','2018-07-20',-92,24,'done','2018-07-20 01:46:32',NULL),
	(3384,'DB0001',7,2,26,'งานสีภายใน รองพื้น แต่งผิว','2018-10-20','2018-11-04','2018-07-20',-107,25,'done','2018-07-20 01:46:32',NULL),
	(3385,'DB0001',7,3,27,'งานบันไดไม้100%(ลูกนอน+ชานพัก)','2018-09-23','2018-09-30','2018-07-20',-72,21,'done','2018-07-20 01:46:32',NULL),
	(3386,'DB0001',7,4,28,'งานปูพื้นผิวชั้นล่างและห้องน้ำชั้นล่าง','2018-09-30','2018-10-25','2018-07-20',-97,17,'done','2018-07-20 01:46:32',NULL),
	(3387,'DB0001',6,5,24,'งานฝ้าภายใน100%','2018-09-29','2018-10-10','2018-07-20',-82,23,'done','2018-07-20 01:46:32',NULL),
	(3388,'DB0001',8,3,32,' งานประตู+หน้าต่าง100%','2018-11-04','2018-11-11','2018-07-21',-113,28,'done','2018-07-20 01:46:32',NULL),
	(3389,'DB0001',8,2,31,' งานไฟฟ้า (อุปกรณ์)','2018-10-13','2018-10-18','2018-07-20',-90,14,'done','2018-07-20 01:46:32',NULL),
	(3390,'DB0001',8,1,30,' ติดตั้งไม้พื้นสำเร็จรูปลามิเนต',NULL,NULL,NULL,0,NULL,'wait','2018-07-20 01:46:32',NULL),
	(3391,'DB0001',7,5,29,'งานถนน+ซักล้าง','2018-10-10','2018-10-17','2018-07-20',-89,22,'done','2018-07-20 01:46:32',NULL),
	(3392,'DB0001',8,4,33,' งานสุขภัณฑ์และอุปกรณ์','2018-11-10','2018-11-19','2018-07-20',-122,28,'done','2018-07-20 01:46:32',NULL),
	(3393,'DB0001',9,1,34,' เก็บงานสีก่อนหมวด 6','2018-11-04','2018-11-19','2018-07-21',-121,26,'done','2018-07-20 01:46:32',NULL),
	(3394,'DB0001',9,2,35,' *เก็บทำความสะอาด(ส่งงวด9)','2018-11-19','2018-12-01','2018-07-20',-134,33,'done','2018-07-20 01:46:32',NULL),
	(3395,'DB0001',10,1,36,' สั่งจ่ายงวด 10','2018-12-01','2018-12-16','2018-07-21',-148,35,'done','2018-07-20 01:46:32',NULL),
	(3396,'AB0001',1,1,1,'ทำสัญญาก่อสร้าง','2018-07-20','2018-07-20','2018-07-20',0,0,'done','2018-07-20 02:20:24',NULL),
	(3397,'AB0001',1,2,2,' ถังบำบัดน้ำเสีย-บ่อดักไขมัน-ถังเก็บน้ำใต้ดิน','2018-08-04','2018-08-07','2018-07-20',-18,1,'done','2018-07-20 02:20:24',NULL),
	(3398,'AB0001',1,3,3,'งานเดินท่อประปาใต้อาคาร','2018-07-20','2018-07-27','2018-07-20',-7,1,'done','2018-07-20 02:20:24',NULL),
	(3399,'AB0001',1,4,4,'งานเทพื้นชั้น 1 100%','2018-07-29','2018-08-05',NULL,0,1,'ip','2018-07-20 02:20:24',NULL),
	(3400,'AB0001',1,5,5,'งานโครงหลังคารอบบน','2018-07-28','2018-08-01',NULL,0,1,'ip','2018-07-20 02:20:24',NULL),
	(3401,'AB0001',2,1,6,'งานเชิงชาย+ผนังไม้สำเร็จรูป','2018-08-12','2018-08-17',NULL,0,5,'wait','2018-07-20 02:20:24',NULL),
	(3402,'AB0001',2,3,8,' งานเดินท่อประปาภายในอาคาร','2018-07-28','2018-08-04',NULL,0,3,'ip','2018-07-20 02:20:24',NULL),
	(3403,'AB0001',2,2,7,' งานหล่อเคาน์เตอร์ครัว','2018-08-02','2018-08-07',NULL,0,5,'wait','2018-07-20 02:20:24',NULL),
	(3404,'AB0001',3,2,11,'งานฉาบปูน (ไม่รวมผนังในห้องน้ำ)','2018-08-21','2018-08-30',NULL,0,10,'wait','2018-07-20 02:20:24',NULL),
	(3405,'AB0001',3,3,12,'งานบัวผนังภายนอก','2018-08-18','2018-08-22',NULL,0,10,'wait','2018-07-20 02:20:24',NULL),
	(3406,'AB0001',3,1,10,' งานก่ออิฐ 100%','2018-08-08','2018-08-17',NULL,0,8,'wait','2018-07-20 02:20:24',NULL),
	(3407,'AB0001',2,4,9,'มุงหลังคารอบบน',NULL,NULL,NULL,0,NULL,'wait','2018-07-20 02:20:24',NULL),
	(3408,'AB0001',4,2,14,'งานร้อยสายไฟภายในอาคาร','2018-09-08','2018-09-13',NULL,0,11,'wait','2018-07-20 02:20:24',NULL),
	(3409,'AB0001',4,1,13,' งานผนังห้องน้ำบน-ล่างและเคาน์เตอร์ครัว','2018-08-30','2018-09-13',NULL,0,11,'wait','2018-07-20 02:20:24',NULL),
	(3410,'AB0001',4,3,15,'งานฝ้าภายนอกรอบบน100%','2018-09-03','2018-09-13',NULL,0,11,'wait','2018-07-20 02:20:24',NULL),
	(3411,'AB0001',5,1,16,' งานโครงฝ้าภายในอาคาร(ชั้นล่าง)','2018-09-13','2018-09-25',NULL,0,15,'wait','2018-07-20 02:20:24',NULL),
	(3412,'AB0001',5,2,17,' งานโครงฝ้าภายในอาคาร(ชั้นล่าง)','2018-09-14','2018-09-19',NULL,0,13,'wait','2018-07-20 02:20:24',NULL),
	(3413,'AB0001',5,3,18,'งานมุงหลังคารอบล่าง',NULL,NULL,NULL,0,NULL,'wait','2018-07-20 02:20:24',NULL),
	(3414,'AB0001',6,1,20,'งานหน้าต่างชั้นบน',NULL,NULL,NULL,0,NULL,'wait','2018-07-20 02:20:24',NULL),
	(3415,'AB0001',5,4,19,'สีภายนอกช่วงบน','2018-09-06','2018-09-21',NULL,0,11,'wait','2018-07-20 02:20:24',NULL),
	(3416,'AB0001',6,2,21,' งานบันไดไม้50%(เสา,ราวลูกกรง)','2018-09-21','2018-09-23',NULL,0,17,'wait','2018-07-20 02:20:24',NULL),
	(3417,'AB0001',6,4,23,'งานฝ้าภายนอกรอบล่างทั้งหมด','2018-09-25','2018-09-29',NULL,0,16,'wait','2018-07-20 02:20:24',NULL),
	(3418,'AB0001',6,5,24,'งานฝ้าภายใน100%','2018-09-29','2018-10-10',NULL,0,23,'wait','2018-07-20 02:20:24',NULL),
	(3419,'AB0001',6,3,22,'งานท่อภายนอกทั้งหมด','2018-09-29','2018-10-02',NULL,0,19,'wait','2018-07-20 02:20:24',NULL),
	(3420,'AB0001',7,3,27,'งานบันไดไม้100%(ลูกนอน+ชานพัก)','2018-09-23','2018-09-30',NULL,0,21,'wait','2018-07-20 02:20:24',NULL),
	(3421,'AB0001',7,2,26,'งานสีภายใน รองพื้น แต่งผิว','2018-10-20','2018-11-04',NULL,0,25,'wait','2018-07-20 02:20:24',NULL),
	(3422,'AB0001',7,1,25,' งานสีจริงภายนอกช่วงล่าง80%','2018-10-10','2018-10-20',NULL,0,24,'wait','2018-07-20 02:20:24',NULL),
	(3423,'AB0001',7,4,28,'งานปูพื้นผิวชั้นล่างและห้องน้ำชั้นล่าง','2018-09-30','2018-10-25',NULL,0,17,'wait','2018-07-20 02:20:24',NULL),
	(3424,'AB0001',8,2,31,' งานไฟฟ้า (อุปกรณ์)','2018-10-13','2018-10-18',NULL,0,14,'wait','2018-07-20 02:20:24',NULL),
	(3425,'AB0001',8,1,30,' ติดตั้งไม้พื้นสำเร็จรูปลามิเนต',NULL,NULL,NULL,0,NULL,'wait','2018-07-20 02:20:24',NULL),
	(3426,'AB0001',7,5,29,'งานถนน+ซักล้าง','2018-10-10','2018-10-17',NULL,0,22,'wait','2018-07-20 02:20:24',NULL),
	(3427,'AB0001',8,3,32,' งานประตู+หน้าต่าง100%','2018-11-04','2018-11-11',NULL,0,28,'wait','2018-07-20 02:20:24',NULL),
	(3428,'AB0001',8,4,33,' งานสุขภัณฑ์และอุปกรณ์','2018-11-10','2018-11-19',NULL,0,28,'wait','2018-07-20 02:20:24',NULL),
	(3429,'AB0001',9,1,34,' เก็บงานสีก่อนหมวด 6','2018-11-04','2018-11-19',NULL,0,26,'wait','2018-07-20 02:20:24',NULL),
	(3430,'AB0001',9,2,35,' *เก็บทำความสะอาด(ส่งงวด9)','2018-11-19','2018-12-01',NULL,0,33,'wait','2018-07-20 02:20:24',NULL),
	(3431,'AB0001',10,1,36,' สั่งจ่ายงวด 10','2018-12-01','2018-12-16',NULL,0,35,'wait','2018-07-20 02:20:24',NULL),
	(3468,'DD0001',1,1,1,'ทำสัญญาก่อสร้าง','2018-07-20','2018-07-20','2018-07-20',0,0,'done','2018-07-20 10:07:02',NULL),
	(3469,'DD0001',1,2,2,' ถังบำบัดน้ำเสีย-บ่อดักไขมัน-ถังเก็บน้ำใต้ดิน','2018-08-04','2018-08-07','2018-07-20',-18,1,'done','2018-07-20 10:07:02',NULL),
	(3470,'DD0001',1,3,3,'งานเดินท่อประปาใต้อาคาร','2018-07-20','2018-07-27','2018-07-20',-7,1,'done','2018-07-20 10:07:02',NULL),
	(3471,'DD0001',1,4,4,'งานเทพื้นชั้น 1 100%','2018-07-29','2018-08-05','2018-07-21',-15,1,'done','2018-07-20 10:07:02',NULL),
	(3472,'DD0001',1,5,5,'งานโครงหลังคารอบบน','2018-07-28','2018-08-01','2018-07-21',-11,1,'done','2018-07-20 10:07:02',NULL),
	(3473,'DD0001',2,1,6,'งานเชิงชาย+ผนังไม้สำเร็จรูป','2018-08-12','2018-08-17','2018-07-21',-27,5,'done','2018-07-20 10:07:02',NULL),
	(3474,'DD0001',2,2,7,' งานหล่อเคาน์เตอร์ครัว','2018-08-02','2018-08-07','2018-07-21',-17,5,'done','2018-07-20 10:07:02',NULL),
	(3475,'DD0001',2,3,8,' งานเดินท่อประปาภายในอาคาร','2018-07-28','2018-08-04','2018-07-21',-14,3,'done','2018-07-20 10:07:02',NULL),
	(3476,'DD0001',2,4,9,'มุงหลังคารอบบน',NULL,NULL,NULL,0,NULL,'wait','2018-07-20 10:07:02',NULL),
	(3477,'DD0001',3,1,10,' งานก่ออิฐ 100%','2018-08-08','2018-08-17','2018-07-21',-27,8,'done','2018-07-20 10:07:02',NULL),
	(3478,'DD0001',3,2,11,'งานฉาบปูน (ไม่รวมผนังในห้องน้ำ)','2018-08-21','2018-08-30','2018-07-21',-40,10,'done','2018-07-20 10:07:02',NULL),
	(3479,'DD0001',3,3,12,'งานบัวผนังภายนอก','2018-08-18','2018-08-22','2018-07-21',-32,10,'done','2018-07-20 10:07:02',NULL),
	(3480,'DD0001',4,1,13,' งานผนังห้องน้ำบน-ล่างและเคาน์เตอร์ครัว','2018-08-30','2018-09-13','2018-07-21',-54,11,'done','2018-07-20 10:07:02',NULL),
	(3481,'DD0001',4,2,14,'งานร้อยสายไฟภายในอาคาร','2018-09-08','2018-09-13','2018-07-21',-54,11,'done','2018-07-20 10:07:02',NULL),
	(3482,'DD0001',4,3,15,'งานฝ้าภายนอกรอบบน100%','2018-09-03','2018-09-13','2018-07-21',-54,11,'done','2018-07-20 10:07:02',NULL),
	(3483,'DD0001',5,1,16,' งานโครงฝ้าภายในอาคาร(ชั้นล่าง)','2018-09-13','2018-09-25','2018-07-21',-66,15,'done','2018-07-20 10:07:02',NULL),
	(3484,'DD0001',5,2,17,' งานโครงฝ้าภายในอาคาร(ชั้นล่าง)','2018-09-14','2018-09-19','2018-07-21',-60,13,'done','2018-07-20 10:07:02',NULL),
	(3485,'DD0001',5,3,18,'งานมุงหลังคารอบล่าง',NULL,NULL,NULL,0,NULL,'wait','2018-07-20 10:07:02',NULL),
	(3486,'DD0001',5,4,19,'สีภายนอกช่วงบน','2018-09-06','2018-09-21','2018-07-21',-62,11,'done','2018-07-20 10:07:02',NULL),
	(3487,'DD0001',6,1,20,'งานหน้าต่างชั้นบน',NULL,NULL,NULL,0,NULL,'wait','2018-07-20 10:07:02',NULL),
	(3488,'DD0001',6,2,21,' งานบันไดไม้50%(เสา,ราวลูกกรง)','2018-09-21','2018-09-23','2018-07-21',-64,17,'done','2018-07-20 10:07:02',NULL),
	(3489,'DD0001',6,3,22,'งานท่อภายนอกทั้งหมด','2018-09-29','2018-10-02','2018-07-21',-73,19,'done','2018-07-20 10:07:02',NULL),
	(3490,'DD0001',6,4,23,'งานฝ้าภายนอกรอบล่างทั้งหมด','2018-09-25','2018-09-29','2018-07-21',-70,16,'done','2018-07-20 10:07:02',NULL),
	(3491,'DD0001',6,5,24,'งานฝ้าภายใน100%','2018-09-29','2018-10-10','2018-07-21',-81,23,'done','2018-07-20 10:07:02',NULL),
	(3492,'DD0001',7,2,26,'งานสีภายใน รองพื้น แต่งผิว','2018-10-20','2018-11-04','2018-07-21',-106,25,'done','2018-07-20 10:07:02',NULL),
	(3493,'DD0001',7,3,27,'งานบันไดไม้100%(ลูกนอน+ชานพัก)','2018-09-23','2018-09-30','2018-07-21',-71,21,'done','2018-07-20 10:07:02',NULL),
	(3494,'DD0001',7,4,28,'งานปูพื้นผิวชั้นล่างและห้องน้ำชั้นล่าง','2018-09-30','2018-10-25','2018-07-21',-96,17,'done','2018-07-20 10:07:02',NULL),
	(3495,'DD0001',7,5,29,'งานถนน+ซักล้าง','2018-10-10','2018-10-17','2018-07-21',-88,22,'done','2018-07-20 10:07:02',NULL),
	(3496,'DD0001',8,3,32,' งานประตู+หน้าต่าง100%','2018-11-04','2018-11-11','2018-07-21',-113,28,'done','2018-07-20 10:07:02',NULL),
	(3497,'DD0001',8,2,31,' งานไฟฟ้า (อุปกรณ์)','2018-10-13','2018-10-18','2018-07-21',-89,14,'done','2018-07-20 10:07:02',NULL),
	(3498,'DD0001',8,1,30,' ติดตั้งไม้พื้นสำเร็จรูปลามิเนต',NULL,NULL,NULL,0,NULL,'wait','2018-07-20 10:07:02',NULL),
	(3499,'DD0001',7,1,25,' งานสีจริงภายนอกช่วงล่าง80%','2018-10-10','2018-10-20','2018-07-21',-91,24,'done','2018-07-20 10:07:02',NULL),
	(3500,'DD0001',9,2,35,' *เก็บทำความสะอาด(ส่งงวด9)','2018-11-19','2018-12-01','2018-07-21',-133,33,'done','2018-07-20 10:07:02',NULL),
	(3501,'DD0001',9,1,34,' เก็บงานสีก่อนหมวด 6','2018-11-04','2018-11-19','2018-07-21',-121,26,'done','2018-07-20 10:07:02',NULL),
	(3502,'DD0001',8,4,33,' งานสุขภัณฑ์และอุปกรณ์','2018-11-10','2018-11-19','2018-07-21',-121,28,'done','2018-07-20 10:07:02',NULL),
	(3503,'DD0001',10,1,36,' สั่งจ่ายงวด 10','2018-12-01','2018-12-16','2018-07-21',-148,35,'done','2018-07-20 10:07:02',NULL),
	(3504,'TEST01',1,1,1,'ทำสัญญาก่อสร้าง','2018-07-20','2018-07-20','2018-07-20',0,0,'done','2018-07-20 10:45:28',NULL),
	(3505,'TEST01',1,2,2,' ถังบำบัดน้ำเสีย-บ่อดักไขมัน-ถังเก็บน้ำใต้ดิน','2018-08-04','2018-08-07','2018-07-20',-18,1,'done','2018-07-20 10:45:28',NULL),
	(3506,'TEST01',1,3,3,'งานเดินท่อประปาใต้อาคาร','2018-07-20','2018-07-27','2018-07-20',-7,1,'done','2018-07-20 10:45:28',NULL),
	(3507,'TEST01',1,4,4,'งานเทพื้นชั้น 1 100%','2018-07-29','2018-08-05','2018-07-21',-15,1,'done','2018-07-20 10:45:28',NULL),
	(3508,'TEST01',1,5,5,'งานโครงหลังคารอบบน','2018-07-28','2018-08-01','2018-07-21',-11,1,'done','2018-07-20 10:45:28',NULL),
	(3509,'TEST01',2,1,6,'งานเชิงชาย+ผนังไม้สำเร็จรูป','2018-08-12','2018-08-17','2018-07-21',-27,5,'done','2018-07-20 10:45:28',NULL),
	(3510,'TEST01',2,2,7,' งานหล่อเคาน์เตอร์ครัว','2018-08-02','2018-08-07','2018-07-21',-17,5,'done','2018-07-20 10:45:28',NULL),
	(3511,'TEST01',2,3,8,' งานเดินท่อประปาภายในอาคาร','2018-07-28','2018-08-04','2018-07-21',-14,3,'done','2018-07-20 10:45:28',NULL),
	(3512,'TEST01',2,4,9,'มุงหลังคารอบบน',NULL,NULL,NULL,0,NULL,'wait','2018-07-20 10:45:28',NULL),
	(3513,'TEST01',3,1,10,' งานก่ออิฐ 100%','2018-08-08','2018-08-17','2018-07-21',-27,8,'done','2018-07-20 10:45:28',NULL),
	(3514,'TEST01',3,2,11,'งานฉาบปูน (ไม่รวมผนังในห้องน้ำ)','2018-08-21','2018-08-30','2018-07-21',-40,10,'done','2018-07-20 10:45:28',NULL),
	(3515,'TEST01',3,3,12,'งานบัวผนังภายนอก','2018-08-18','2018-08-22','2018-07-21',-32,10,'done','2018-07-20 10:45:28',NULL),
	(3516,'TEST01',4,1,13,' งานผนังห้องน้ำบน-ล่างและเคาน์เตอร์ครัว','2018-08-30','2018-09-13','2018-07-21',-54,11,'done','2018-07-20 10:45:28',NULL),
	(3517,'TEST01',4,2,14,'งานร้อยสายไฟภายในอาคาร','2018-09-08','2018-09-13','2018-07-21',-54,11,'done','2018-07-20 10:45:28',NULL),
	(3518,'TEST01',4,3,15,'งานฝ้าภายนอกรอบบน100%','2018-09-03','2018-09-13','2018-07-21',-54,11,'done','2018-07-20 10:45:28',NULL),
	(3519,'TEST01',5,1,16,' งานโครงฝ้าภายในอาคาร(ชั้นล่าง)','2018-09-13','2018-09-25','2018-07-21',-66,15,'done','2018-07-20 10:45:28',NULL),
	(3520,'TEST01',5,2,17,' งานโครงฝ้าภายในอาคาร(ชั้นล่าง)','2018-09-14','2018-09-19','2018-07-21',-60,13,'done','2018-07-20 10:45:28',NULL),
	(3521,'TEST01',5,3,18,'งานมุงหลังคารอบล่าง',NULL,NULL,NULL,0,NULL,'wait','2018-07-20 10:45:28',NULL),
	(3522,'TEST01',5,4,19,'สีภายนอกช่วงบน','2018-09-06','2018-09-21','2018-07-21',-62,11,'done','2018-07-20 10:45:28',NULL),
	(3523,'TEST01',6,1,20,'งานหน้าต่างชั้นบน',NULL,NULL,NULL,0,NULL,'wait','2018-07-20 10:45:28',NULL),
	(3524,'TEST01',6,2,21,' งานบันไดไม้50%(เสา,ราวลูกกรง)','2018-09-21','2018-09-23','2018-07-21',-64,17,'done','2018-07-20 10:45:28',NULL),
	(3525,'TEST01',6,3,22,'งานท่อภายนอกทั้งหมด','2018-09-29','2018-10-02','2018-07-21',-73,19,'done','2018-07-20 10:45:28',NULL),
	(3526,'TEST01',6,4,23,'งานฝ้าภายนอกรอบล่างทั้งหมด','2018-09-25','2018-09-29','2018-07-21',-70,16,'done','2018-07-20 10:45:28',NULL),
	(3527,'TEST01',7,1,25,' งานสีจริงภายนอกช่วงล่าง80%','2018-10-10','2018-10-20',NULL,0,24,'wait','2018-07-20 10:45:28',NULL),
	(3528,'TEST01',7,2,26,'งานสีภายใน รองพื้น แต่งผิว','2018-10-20','2018-11-04',NULL,0,25,'wait','2018-07-20 10:45:28',NULL),
	(3529,'TEST01',7,3,27,'งานบันไดไม้100%(ลูกนอน+ชานพัก)','2018-09-23','2018-09-30',NULL,0,21,'ip','2018-07-20 10:45:28',NULL),
	(3530,'TEST01',7,4,28,'งานปูพื้นผิวชั้นล่างและห้องน้ำชั้นล่าง','2018-09-30','2018-10-25',NULL,0,17,'ip','2018-07-20 10:45:28',NULL),
	(3531,'TEST01',7,5,29,'งานถนน+ซักล้าง','2018-10-10','2018-10-17',NULL,0,22,'ip','2018-07-20 10:45:28',NULL),
	(3532,'TEST01',8,1,30,' ติดตั้งไม้พื้นสำเร็จรูปลามิเนต',NULL,NULL,NULL,0,NULL,'wait','2018-07-20 10:45:28',NULL),
	(3533,'TEST01',8,2,31,' งานไฟฟ้า (อุปกรณ์)','2018-10-13','2018-10-18',NULL,0,14,'wait','2018-07-20 10:45:28',NULL),
	(3534,'TEST01',8,3,32,' งานประตู+หน้าต่าง100%','2018-11-04','2018-11-11',NULL,0,28,'wait','2018-07-20 10:45:28',NULL),
	(3535,'TEST01',8,4,33,' งานสุขภัณฑ์และอุปกรณ์','2018-11-10','2018-11-19',NULL,0,28,'wait','2018-07-20 10:45:28',NULL),
	(3536,'TEST01',9,2,35,' *เก็บทำความสะอาด(ส่งงวด9)','2018-11-19','2018-12-01',NULL,0,33,'wait','2018-07-20 10:45:28',NULL),
	(3537,'TEST01',9,1,34,' เก็บงานสีก่อนหมวด 6','2018-11-04','2018-11-19',NULL,0,26,'wait','2018-07-20 10:45:28',NULL),
	(3538,'TEST01',10,1,36,' สั่งจ่ายงวด 10','2018-12-01','2018-12-16',NULL,0,35,'wait','2018-07-20 10:45:28',NULL),
	(3539,'TEST01',6,5,24,'งานฝ้าภายใน100%','2018-09-29','2018-10-10','2018-07-21',-81,23,'done','2018-07-20 10:45:28',NULL),
	(3540,'TEST02',1,1,1,'ทำสัญญาก่อสร้าง','2018-07-21','2018-07-21','2018-07-21',0,0,'done','2018-07-21 12:44:40',NULL),
	(3541,'TEST02',1,2,2,' ถังบำบัดน้ำเสีย-บ่อดักไขมัน-ถังเก็บน้ำใต้ดิน','2018-08-05','2018-08-08',NULL,0,1,'ip','2018-07-21 12:44:40',NULL),
	(3542,'TEST02',1,3,3,'งานเดินท่อประปาใต้อาคาร','2018-07-21','2018-07-28',NULL,0,1,'ip','2018-07-21 12:44:40',NULL),
	(3543,'TEST02',1,4,4,'งานเทพื้นชั้น 1 100%','2018-07-30','2018-08-06',NULL,0,1,'ip','2018-07-21 12:44:40',NULL),
	(3544,'TEST02',1,5,5,'งานโครงหลังคารอบบน','2018-07-29','2018-08-02',NULL,0,1,'ip','2018-07-21 12:44:40',NULL),
	(3545,'TEST02',2,1,6,'งานเชิงชาย+ผนังไม้สำเร็จรูป','2018-08-13','2018-08-18',NULL,0,5,'wait','2018-07-21 12:44:40',NULL),
	(3546,'TEST02',2,2,7,' งานหล่อเคาน์เตอร์ครัว','2018-08-03','2018-08-08',NULL,0,5,'wait','2018-07-21 12:44:40',NULL),
	(3547,'TEST02',2,4,9,'มุงหลังคารอบบน',NULL,NULL,'2018-07-21',0,NULL,'done','2018-07-21 12:44:40',NULL),
	(3548,'TEST02',3,1,10,' งานก่ออิฐ 100%','2018-08-09','2018-08-18',NULL,0,8,'wait','2018-07-21 12:44:40',NULL),
	(3549,'TEST02',3,2,11,'งานฉาบปูน (ไม่รวมผนังในห้องน้ำ)','2018-08-22','2018-08-31',NULL,0,10,'wait','2018-07-21 12:44:40',NULL),
	(3550,'TEST02',2,3,8,' งานเดินท่อประปาภายในอาคาร','2018-07-29','2018-08-05',NULL,0,3,'wait','2018-07-21 12:44:40',NULL),
	(3551,'TEST02',4,2,14,'งานร้อยสายไฟภายในอาคาร','2018-09-09','2018-09-14',NULL,0,11,'wait','2018-07-21 12:44:40',NULL),
	(3552,'TEST02',4,1,13,' งานผนังห้องน้ำบน-ล่างและเคาน์เตอร์ครัว','2018-08-31','2018-09-14',NULL,0,11,'wait','2018-07-21 12:44:40',NULL),
	(3553,'TEST02',4,3,15,'งานฝ้าภายนอกรอบบน100%','2018-09-04','2018-09-14',NULL,0,11,'wait','2018-07-21 12:44:40',NULL),
	(3554,'TEST02',3,3,12,'งานบัวผนังภายนอก','2018-08-19','2018-08-23',NULL,0,10,'wait','2018-07-21 12:44:40',NULL),
	(3555,'TEST02',5,1,16,' งานโครงฝ้าภายในอาคาร(ชั้นล่าง)','2018-09-14','2018-09-26',NULL,0,15,'wait','2018-07-21 12:44:40',NULL),
	(3556,'TEST02',5,2,17,' งานโครงฝ้าภายในอาคาร(ชั้นล่าง)','2018-09-15','2018-09-20',NULL,0,13,'wait','2018-07-21 12:44:40',NULL),
	(3557,'TEST02',5,3,18,'งานมุงหลังคารอบล่าง',NULL,NULL,NULL,0,NULL,'wait','2018-07-21 12:44:40',NULL),
	(3558,'TEST02',5,4,19,'สีภายนอกช่วงบน','2018-09-07','2018-09-22',NULL,0,11,'wait','2018-07-21 12:44:40',NULL),
	(3559,'TEST02',6,1,20,'งานหน้าต่างชั้นบน',NULL,NULL,NULL,0,NULL,'wait','2018-07-21 12:44:40',NULL),
	(3560,'TEST02',6,2,21,' งานบันไดไม้50%(เสา,ราวลูกกรง)','2018-09-22','2018-09-24',NULL,0,17,'wait','2018-07-21 12:44:40',NULL),
	(3561,'TEST02',6,3,22,'งานท่อภายนอกทั้งหมด','2018-09-30','2018-10-03',NULL,0,19,'wait','2018-07-21 12:44:40',NULL),
	(3562,'TEST02',6,5,24,'งานฝ้าภายใน100%','2018-09-30','2018-10-11',NULL,0,23,'wait','2018-07-21 12:44:40',NULL),
	(3563,'TEST02',7,2,26,'งานสีภายใน รองพื้น แต่งผิว','2018-10-21','2018-11-05',NULL,0,25,'wait','2018-07-21 12:44:40',NULL),
	(3564,'TEST02',7,1,25,' งานสีจริงภายนอกช่วงล่าง80%','2018-10-11','2018-10-21',NULL,0,24,'wait','2018-07-21 12:44:40',NULL),
	(3565,'TEST02',7,3,27,'งานบันไดไม้100%(ลูกนอน+ชานพัก)','2018-09-24','2018-10-01',NULL,0,21,'wait','2018-07-21 12:44:40',NULL),
	(3566,'TEST02',6,4,23,'งานฝ้าภายนอกรอบล่างทั้งหมด','2018-09-26','2018-09-30',NULL,0,16,'wait','2018-07-21 12:44:40',NULL),
	(3567,'TEST02',7,4,28,'งานปูพื้นผิวชั้นล่างและห้องน้ำชั้นล่าง','2018-10-01','2018-10-26',NULL,0,17,'wait','2018-07-21 12:44:40',NULL),
	(3568,'TEST02',7,5,29,'งานถนน+ซักล้าง','2018-10-11','2018-10-18',NULL,0,22,'wait','2018-07-21 12:44:40',NULL),
	(3569,'TEST02',8,1,30,' ติดตั้งไม้พื้นสำเร็จรูปลามิเนต',NULL,NULL,NULL,0,NULL,'wait','2018-07-21 12:44:40',NULL),
	(3570,'TEST02',8,2,31,' งานไฟฟ้า (อุปกรณ์)','2018-10-14','2018-10-19',NULL,0,14,'wait','2018-07-21 12:44:40',NULL),
	(3571,'TEST02',8,3,32,' งานประตู+หน้าต่าง100%','2018-11-05','2018-11-12',NULL,0,28,'wait','2018-07-21 12:44:40',NULL),
	(3572,'TEST02',8,4,33,' งานสุขภัณฑ์และอุปกรณ์','2018-11-11','2018-11-20',NULL,0,28,'wait','2018-07-21 12:44:40',NULL),
	(3573,'TEST02',9,1,34,' เก็บงานสีก่อนหมวด 6','2018-11-05','2018-11-20',NULL,0,26,'wait','2018-07-21 12:44:40',NULL),
	(3574,'TEST02',9,2,35,' *เก็บทำความสะอาด(ส่งงวด9)','2018-11-20','2018-12-02',NULL,0,33,'wait','2018-07-21 12:44:40',NULL),
	(3575,'TEST02',10,1,36,' สั่งจ่ายงวด 10','2018-12-02','2018-12-17',NULL,0,35,'wait','2018-07-21 12:44:40',NULL),
	(3576,'TT0001',1,1,1,'ทำสัญญาก่อสร้าง','2018-07-23','2018-07-23','2018-07-23',0,0,'done','2018-07-23 00:40:22',NULL),
	(3577,'TT0001',1,2,2,' ถังบำบัดน้ำเสีย-บ่อดักไขมัน-ถังเก็บน้ำใต้ดิน','2018-08-07','2018-08-10',NULL,0,1,'ip','2018-07-23 00:40:22',NULL),
	(3578,'TT0001',1,3,3,'งานเดินท่อประปาใต้อาคาร','2018-07-23','2018-07-30',NULL,0,1,'ip','2018-07-23 00:40:22',NULL),
	(3579,'TT0001',1,4,4,'งานเทพื้นชั้น 1 100%','2018-08-01','2018-08-08',NULL,0,1,'ip','2018-07-23 00:40:22',NULL),
	(3580,'TT0001',1,5,5,'งานโครงหลังคารอบบน','2018-07-31','2018-08-04',NULL,0,1,'ip','2018-07-23 00:40:22',NULL),
	(3581,'TT0001',2,1,6,'งานเชิงชาย+ผนังไม้สำเร็จรูป','2018-08-15','2018-08-20',NULL,0,5,'wait','2018-07-23 00:40:22',NULL),
	(3582,'TT0001',2,2,7,' งานหล่อเคาน์เตอร์ครัว','2018-08-05','2018-08-10',NULL,0,5,'wait','2018-07-23 00:40:22',NULL),
	(3583,'TT0001',2,3,8,' งานเดินท่อประปาภายในอาคาร','2018-07-31','2018-08-07',NULL,0,3,'wait','2018-07-23 00:40:22',NULL),
	(3584,'TT0001',2,4,9,'มุงหลังคารอบบน',NULL,NULL,NULL,0,NULL,'wait','2018-07-23 00:40:22',NULL),
	(3585,'TT0001',3,1,10,' งานก่ออิฐ 100%','2018-08-11','2018-08-20',NULL,0,8,'wait','2018-07-23 00:40:22',NULL),
	(3586,'TT0001',3,3,12,'งานบัวผนังภายนอก','2018-08-21','2018-08-25',NULL,0,10,'wait','2018-07-23 00:40:22',NULL),
	(3587,'TT0001',3,2,11,'งานฉาบปูน (ไม่รวมผนังในห้องน้ำ)','2018-08-24','2018-09-02',NULL,0,10,'wait','2018-07-23 00:40:22',NULL),
	(3588,'TT0001',6,4,23,'งานฝ้าภายนอกรอบล่างทั้งหมด','2018-09-28','2018-10-02',NULL,0,16,'wait','2018-07-23 00:40:22',NULL),
	(3589,'TT0001',4,3,15,'งานฝ้าภายนอกรอบบน100%','2018-09-06','2018-09-16',NULL,0,11,'wait','2018-07-23 00:40:22',NULL),
	(3590,'TT0001',5,2,17,' งานโครงฝ้าภายในอาคาร(ชั้นล่าง)','2018-09-17','2018-09-22',NULL,0,13,'wait','2018-07-23 00:40:22',NULL),
	(3591,'TT0001',4,1,13,' งานผนังห้องน้ำบน-ล่างและเคาน์เตอร์ครัว','2018-09-02','2018-09-16',NULL,0,11,'wait','2018-07-23 00:40:22',NULL),
	(3592,'TT0001',5,3,18,'งานมุงหลังคารอบล่าง',NULL,NULL,NULL,0,NULL,'wait','2018-07-23 00:40:22',NULL),
	(3593,'TT0001',5,4,19,'สีภายนอกช่วงบน','2018-09-09','2018-09-24',NULL,0,11,'wait','2018-07-23 00:40:22',NULL),
	(3594,'TT0001',4,2,14,'งานร้อยสายไฟภายในอาคาร','2018-09-11','2018-09-16',NULL,0,11,'wait','2018-07-23 00:40:22',NULL),
	(3595,'TT0001',5,1,16,' งานโครงฝ้าภายในอาคาร(ชั้นล่าง)','2018-09-16','2018-09-28',NULL,0,15,'wait','2018-07-23 00:40:22',NULL),
	(3596,'TT0001',6,3,22,'งานท่อภายนอกทั้งหมด','2018-10-02','2018-10-05',NULL,0,19,'wait','2018-07-23 00:40:22',NULL),
	(3597,'TT0001',6,2,21,' งานบันไดไม้50%(เสา,ราวลูกกรง)','2018-09-24','2018-09-26',NULL,0,17,'wait','2018-07-23 00:40:22',NULL),
	(3598,'TT0001',6,5,24,'งานฝ้าภายใน100%','2018-10-02','2018-10-13',NULL,0,23,'wait','2018-07-23 00:40:22',NULL),
	(3599,'TT0001',6,1,20,'งานหน้าต่างชั้นบน',NULL,NULL,NULL,0,NULL,'wait','2018-07-23 00:40:22',NULL),
	(3600,'TT0001',7,3,27,'งานบันไดไม้100%(ลูกนอน+ชานพัก)','2018-09-26','2018-10-03',NULL,0,21,'wait','2018-07-23 00:40:22',NULL),
	(3601,'TT0001',7,2,26,'งานสีภายใน รองพื้น แต่งผิว','2018-10-23','2018-11-07',NULL,0,25,'wait','2018-07-23 00:40:22',NULL),
	(3602,'TT0001',7,1,25,' งานสีจริงภายนอกช่วงล่าง80%','2018-10-13','2018-10-23',NULL,0,24,'wait','2018-07-23 00:40:22',NULL),
	(3603,'TT0001',7,4,28,'งานปูพื้นผิวชั้นล่างและห้องน้ำชั้นล่าง','2018-10-03','2018-10-28',NULL,0,17,'wait','2018-07-23 00:40:22',NULL),
	(3604,'TT0001',7,5,29,'งานถนน+ซักล้าง','2018-10-13','2018-10-20',NULL,0,22,'wait','2018-07-23 00:40:22',NULL),
	(3605,'TT0001',8,1,30,' ติดตั้งไม้พื้นสำเร็จรูปลามิเนต',NULL,NULL,NULL,0,NULL,'wait','2018-07-23 00:40:22',NULL),
	(3606,'TT0001',8,3,32,' งานประตู+หน้าต่าง100%','2018-11-07','2018-11-14',NULL,0,28,'wait','2018-07-23 00:40:22',NULL),
	(3607,'TT0001',8,2,31,' งานไฟฟ้า (อุปกรณ์)','2018-10-16','2018-10-21',NULL,0,14,'wait','2018-07-23 00:40:22',NULL),
	(3608,'TT0001',8,4,33,' งานสุขภัณฑ์และอุปกรณ์','2018-11-13','2018-11-22',NULL,0,28,'wait','2018-07-23 00:40:22',NULL),
	(3609,'TT0001',9,1,34,' เก็บงานสีก่อนหมวด 6','2018-11-07','2018-11-22',NULL,0,26,'wait','2018-07-23 00:40:22',NULL),
	(3610,'TT0001',9,2,35,' *เก็บทำความสะอาด(ส่งงวด9)','2018-11-22','2018-12-04',NULL,0,33,'wait','2018-07-23 00:40:22',NULL),
	(3611,'TT0001',10,1,36,' สั่งจ่ายงวด 10','2018-12-04','2018-12-19',NULL,0,35,'wait','2018-07-23 00:40:22',NULL);

/*!40000 ALTER TABLE `contract_progress` ENABLE KEYS */;
UNLOCK TABLES;


# Dump of table contract_times
# ------------------------------------------------------------

DROP TABLE IF EXISTS `contract_times`;

CREATE TABLE `contract_times` (
  `id` int(11) NOT NULL AUTO_INCREMENT,
  `contract_code` varchar(45) NOT NULL,
  `time` tinyint(2) NOT NULL DEFAULT '0',
  `price` decimal(15,2) DEFAULT '0.00',
  `is_success` tinyint(1) NOT NULL DEFAULT '0',
  `date_start` date DEFAULT NULL,
  `date_end` date DEFAULT NULL,
  `created_at` datetime NOT NULL DEFAULT CURRENT_TIMESTAMP,
  PRIMARY KEY (`id`)
) ENGINE=InnoDB DEFAULT CHARSET=utf8;

LOCK TABLES `contract_times` WRITE;
/*!40000 ALTER TABLE `contract_times` DISABLE KEYS */;

INSERT INTO `contract_times` (`id`, `contract_code`, `time`, `price`, `is_success`, `date_start`, `date_end`, `created_at`)
VALUES
	(1,'DB0001',3,230000.00,1,'2018-08-11','2018-08-24','2018-07-11 23:34:49'),
	(2,'DB0001',4,230000.00,1,'2018-08-25','2018-09-06','2018-07-11 23:34:49'),
	(3,'DB0001',1,345000.00,1,'2018-07-11','2018-07-28','2018-07-11 23:34:49'),
	(4,'DB0001',2,115000.00,1,'2018-07-29','2018-08-10','2018-07-11 23:34:49'),
	(5,'DB0001',5,230000.00,1,'2018-09-07','2018-09-19','2018-07-11 23:34:49'),
	(6,'DB0001',6,345000.00,1,'2018-09-20','2018-10-05','2018-07-11 23:34:49'),
	(7,'DB0001',7,207000.00,1,'2018-10-06','2018-10-21','2018-07-11 23:34:49'),
	(8,'DB0001',8,460000.00,1,'2018-10-22','2018-11-16','2018-07-11 23:34:49'),
	(9,'DB0001',10,69000.00,1,'2018-11-30','2018-12-15','2018-07-11 23:34:49'),
	(10,'DB0001',9,69000.00,1,'2018-11-17','2018-11-29','2018-07-11 23:34:49'),
	(11,'AB0001',1,186000.00,0,'2018-07-19','2018-08-05','2018-07-19 23:33:27'),
	(12,'AB0001',2,62000.00,0,'2018-08-06','2018-08-18','2018-07-19 23:33:27'),
	(13,'AB0001',3,124000.00,0,'2018-08-19','2018-09-01','2018-07-19 23:33:27'),
	(14,'AB0001',6,186000.00,0,'2018-09-28','2018-10-13','2018-07-19 23:33:27'),
	(15,'AB0001',5,124000.00,0,'2018-09-15','2018-09-27','2018-07-19 23:33:27'),
	(16,'AB0001',4,124000.00,0,'2018-09-02','2018-09-14','2018-07-19 23:33:27'),
	(17,'AB0001',7,111600.00,0,'2018-10-14','2018-10-29','2018-07-19 23:33:27'),
	(18,'AB0001',8,248000.00,0,'2018-10-30','2018-11-24','2018-07-19 23:33:27'),
	(19,'AB0001',9,37200.00,0,'2018-11-25','2018-12-07','2018-07-19 23:33:27'),
	(20,'AB0001',10,37200.00,0,'2018-12-08','2018-12-23','2018-07-19 23:33:27'),
	(21,'AC0002',1,300000.00,0,'2018-07-20','2018-08-06','2018-07-20 01:44:42'),
	(22,'AC0002',2,100000.00,0,'2018-08-07','2018-08-19','2018-07-20 01:44:42'),
	(23,'AC0002',3,200000.00,0,'2018-08-20','2018-09-02','2018-07-20 01:44:42'),
	(24,'AC0002',4,200000.00,0,'2018-09-03','2018-09-15','2018-07-20 01:44:42'),
	(25,'AC0002',5,200000.00,0,'2018-09-16','2018-09-28','2018-07-20 01:44:42'),
	(26,'AC0002',7,180000.00,0,'2018-10-15','2018-10-30','2018-07-20 01:44:42'),
	(27,'AC0002',8,400000.00,0,'2018-10-31','2018-11-25','2018-07-20 01:44:42'),
	(28,'AC0002',6,300000.00,0,'2018-09-29','2018-10-14','2018-07-20 01:44:42'),
	(29,'AC0002',9,60000.00,0,'2018-11-26','2018-12-08','2018-07-20 01:44:42'),
	(30,'AC0002',10,60000.00,0,'2018-12-09','2018-12-24','2018-07-20 01:44:42'),
	(31,'DD0001',7,180000.00,0,'2018-10-15','2018-10-30','2018-07-20 10:03:26'),
	(32,'DD0001',8,400000.00,0,'2018-10-31','2018-11-25','2018-07-20 10:03:26'),
	(33,'DD0001',9,60000.00,0,'2018-11-26','2018-12-08','2018-07-20 10:03:26'),
	(34,'DD0001',10,60000.00,0,'2018-12-09','2018-12-24','2018-07-20 10:03:26'),
	(35,'DD0001',2,100000.00,0,'2018-08-07','2018-08-19','2018-07-20 10:03:26'),
	(36,'DD0001',5,200000.00,0,'2018-09-16','2018-09-28','2018-07-20 10:03:26'),
	(37,'DD0001',3,200000.00,0,'2018-08-20','2018-09-02','2018-07-20 10:03:26'),
	(38,'DD0001',1,300000.00,0,'2018-07-20','2018-08-06','2018-07-20 10:03:26'),
	(39,'DD0001',6,300000.00,0,'2018-09-29','2018-10-14','2018-07-20 10:03:26'),
	(40,'DD0001',4,200000.00,0,'2018-09-03','2018-09-15','2018-07-20 10:03:26'),
	(41,'TEST01',1,375000.00,1,'2018-07-20','2018-08-06','2018-07-20 10:45:28'),
	(42,'TEST01',4,250000.00,0,'2018-09-03','2018-09-15','2018-07-20 10:45:28'),
	(43,'TEST01',2,125000.00,0,'2018-08-07','2018-08-19','2018-07-20 10:45:28'),
	(44,'TEST01',3,250000.00,0,'2018-08-20','2018-09-02','2018-07-20 10:45:28'),
	(45,'TEST01',5,250000.00,0,'2018-09-16','2018-09-28','2018-07-20 10:45:28'),
	(46,'TEST01',6,375000.00,0,'2018-09-29','2018-10-14','2018-07-20 10:45:28'),
	(47,'TEST01',8,500000.00,0,'2018-10-31','2018-11-25','2018-07-20 10:45:28'),
	(48,'TEST01',7,225000.00,0,'2018-10-15','2018-10-30','2018-07-20 10:45:28'),
	(49,'TEST01',9,75000.00,0,'2018-11-26','2018-12-08','2018-07-20 10:45:28'),
	(50,'TEST01',10,75000.00,0,'2018-12-09','2018-12-24','2018-07-20 10:45:28'),
	(51,'TEST02',1,2385000.00,0,'2018-07-21','2018-08-07','2018-07-21 12:44:40'),
	(52,'TEST02',2,795000.00,0,'2018-08-08','2018-08-20','2018-07-21 12:44:40'),
	(53,'TEST02',3,1590000.00,0,'2018-08-21','2018-09-03','2018-07-21 12:44:40'),
	(54,'TEST02',4,1590000.00,0,'2018-09-04','2018-09-16','2018-07-21 12:44:40'),
	(55,'TEST02',5,1590000.00,0,'2018-09-17','2018-09-29','2018-07-21 12:44:40'),
	(56,'TEST02',6,2385000.00,0,'2018-09-30','2018-10-15','2018-07-21 12:44:40'),
	(57,'TEST02',7,1431000.00,0,'2018-10-16','2018-10-31','2018-07-21 12:44:40'),
	(58,'TEST02',10,477000.00,0,'2018-12-10','2018-12-25','2018-07-21 12:44:40'),
	(59,'TEST02',9,477000.00,0,'2018-11-27','2018-12-09','2018-07-21 12:44:40'),
	(60,'TEST02',8,3180000.00,0,'2018-11-01','2018-11-26','2018-07-21 12:44:40'),
	(61,'TT0001',2,1000000.00,0,'2018-08-10','2018-08-22','2018-07-23 00:40:22'),
	(62,'TT0001',1,3000000.00,0,'2018-07-23','2018-08-09','2018-07-23 00:40:22'),
	(63,'TT0001',3,2000000.00,0,'2018-08-23','2018-09-05','2018-07-23 00:40:22'),
	(64,'TT0001',4,2000000.00,0,'2018-09-06','2018-09-18','2018-07-23 00:40:22'),
	(65,'TT0001',5,2000000.00,0,'2018-09-19','2018-10-01','2018-07-23 00:40:22'),
	(66,'TT0001',7,1800000.00,0,'2018-10-18','2018-11-02','2018-07-23 00:40:22'),
	(67,'TT0001',10,600000.00,0,'2018-12-12','2018-12-27','2018-07-23 00:40:22'),
	(68,'TT0001',9,600000.00,0,'2018-11-29','2018-12-11','2018-07-23 00:40:22'),
	(69,'TT0001',8,4000000.00,0,'2018-11-03','2018-11-28','2018-07-23 00:40:22'),
	(70,'TT0001',6,3000000.00,0,'2018-10-02','2018-10-17','2018-07-23 00:40:22');

/*!40000 ALTER TABLE `contract_times` ENABLE KEYS */;
UNLOCK TABLES;


# Dump of table house
# ------------------------------------------------------------

DROP TABLE IF EXISTS `house`;

CREATE TABLE `house` (
  `id` int(11) NOT NULL AUTO_INCREMENT,
  `plan` varchar(50) DEFAULT NULL,
  `name` varchar(100) NOT NULL,
  `type` tinyint(1) NOT NULL,
  `tile` varchar(50) DEFAULT NULL,
  `garage` enum('none','left','right') DEFAULT NULL,
  `stair` enum('none','left','right') DEFAULT NULL,
  `color` varchar(45) DEFAULT NULL,
  `created_at` datetime DEFAULT CURRENT_TIMESTAMP,
  PRIMARY KEY (`id`)
) ENGINE=InnoDB DEFAULT CHARSET=utf8;

LOCK TABLES `house` WRITE;
/*!40000 ALTER TABLE `house` DISABLE KEYS */;

INSERT INTO `house` (`id`, `plan`, `name`, `type`, `tile`, `garage`, `stair`, `color`, `created_at`)
VALUES
	(1,'G03','098SW319I',1,'098SW-8SR2','none','none','B3PW1','2018-05-29 11:12:06'),
	(4,'G04','098SW319I',1,'098SW-8SR2','none','none','B22','2018-05-23 23:32:14'),
	(5,'G05','098SW319I',1,'098SW-7S','none','none','B22','2018-05-23 23:32:18'),
	(6,'G14','098SW319I',1,'098SW-9SR1','none','none','B21','2018-05-23 23:32:23'),
	(7,'E01','198PWY',1,'198PW-1R1','left','left','B3PW2','2018-06-22 23:01:48'),
	(8,'D01','198PWY',1,'198PW-2R1','left','left','B3PW3','2018-06-22 23:01:45'),
	(9,'F23','119PWY',1,'119PW-1R1','right','right','B3PW1','2018-05-21 00:57:45'),
	(10,'26','119PWY',1,'119PW-2R1','right','right','B3PW1','2018-05-21 00:57:45'),
	(11,'F14','119PWY',1,'119PW-1R1','right','right','B3PW2','2018-05-21 00:57:45'),
	(12,'F15','119PWY',1,'119PW-2R1','right','right','B3PW3','2018-05-21 00:57:45'),
	(13,'B02','169PWY',1,'169PW-1R1','right','right','B3PW3','2018-05-21 00:57:45'),
	(14,'A07','198PWY',1,'198PW-2R1','right','right','B3PW3','2018-06-22 23:01:11'),
	(15,'F03','198PWY',1,'169PW-1R1','left','left','B3PW2','2018-06-22 23:01:05'),
	(16,'A04','198PWY',1,'169PW-1R1','right','right','B3PW3','2018-06-22 23:01:42'),
	(17,'D09','169PWY22T',2,'169PW-1R1','left','left','B3PW2','2018-05-21 00:57:45'),
	(18,'G30','098SW319I',2,'098SW-9SR1','right','left','B21','2018-05-21 00:57:45'),
	(19,'G31','098SW319I',2,'098SW-8SR2','right','left','B23','2018-05-21 00:57:45'),
	(20,'H05123','098SW319I',2,'098SW-8SR2','left','right','B22','2018-06-09 13:59:45');

/*!40000 ALTER TABLE `house` ENABLE KEYS */;
UNLOCK TABLES;


# Dump of table material
# ------------------------------------------------------------

DROP TABLE IF EXISTS `material`;

CREATE TABLE `material` (
  `id` int(11) NOT NULL AUTO_INCREMENT,
  `house_id` varchar(100) NOT NULL,
  `store_id` int(11) NOT NULL,
  `name` varchar(150) NOT NULL,
  `delay` tinyint(3) DEFAULT '0',
  `amount` tinyint(3) DEFAULT NULL,
  `unit` varchar(20) DEFAULT NULL,
  `price` decimal(10,2) DEFAULT NULL,
  `created_at` datetime NOT NULL DEFAULT CURRENT_TIMESTAMP,
  PRIMARY KEY (`id`)
) ENGINE=InnoDB DEFAULT CHARSET=utf8;

LOCK TABLES `material` WRITE;
/*!40000 ALTER TABLE `material` DISABLE KEYS */;

INSERT INTO `material` (`id`, `house_id`, `store_id`, `name`, `delay`, `amount`, `unit`, `price`, `created_at`)
VALUES
	(553,'098SW319I',30,'แผ่นพื้นสำเร็จรูป ชนิด3ขา(LLไม่น้อยกว่า450kg/m²) ขนาด 0.35 x 2.83m.(SHEAE KEY 1จุด)',30,1,'แผ่น',1.00,'2018-07-11 00:10:52'),
	(554,'098SW319I',30,'แผ่นพื้นสำเร็จรูป ชนิด3ขา(LLไม่น้อยกว่า450kg/m²)  ขนาด 0.35 x 1.94 m.',30,2,'แผ่น',2.00,'2018-07-11 00:10:52'),
	(555,'098SW319I',30,'แผ่นพื้นสำเร็จรูป ชนิด3ขา(LLไม่น้อยกว่า200kg/m²) ขนาด 0.35 x 4.03 m.',30,3,'แผ่น',3.00,'2018-07-11 00:10:52'),
	(556,'098SW319I',30,'แผ่นพื้นสำเร็จรูป ชนิด3ขา(LLไม่น้อยกว่า200kg/m²) ขนาด 0.35 x 3.35 m.',30,4,'แผ่น',4.00,'2018-07-11 00:10:52'),
	(557,'098SW319I',30,'แผ่นพื้นสำเร็จรูป ชนิด3ขา(LLไม่น้อยกว่า200kg/m²) ขนาด 0.35 x 2.40 m.',30,5,'แผ่น',5.00,'2018-07-11 00:10:52'),
	(558,'098SW319I',31,' เสาเข็ม I 12x12x2.00 m(.งานถังบำบัด) ',0,1,'ต้น',130.00,'2018-06-09 14:49:37'),
	(559,'098SW319I',31,' เสาเข็ม I 12x12x6.00m.(APPROACH SLAB)+(พื้นที่จอดรถ)(ตามพื้นที่จริง) ',0,1,'ต้น',390.00,'2018-06-09 14:49:37'),
	(560,'098SW319I',31,' เสาเข็ม I 12x12x4.00 m.(งานซักล้าง)+(งานถังบำบัด+ถังน้ำดี) ',0,1,'ต้น',260.00,'2018-06-09 14:49:37'),
	(561,'098SW319I',32,'อิฐ Q-CON 12.5 Cm.',2,1,'ก้อน',21.67,'2018-06-09 14:47:24'),
	(562,'098SW319I',32,'อิฐ Q-CON 7.5 Cm.',2,1,'ก้อน',13.00,'2018-06-09 14:47:24'),
	(564,'098SW319I',32,'อิฐ Q-CON 7.6 Cm.',2,1,'ก้อน',13.00,'2018-06-09 14:47:24'),
	(567,'198PWY',31,' เสาเข็ม I 12x12x2.00 m(.งานถังบำบัด) ',0,1,'ต้น',130.00,'2018-07-14 16:43:31'),
	(568,'198PWY',30,'แผ่นพื้นสำเร็จรูป ชนิด3ขา(LLไม่น้อยกว่า450kg/m²) ขนาด 0.35 x 3.95 m.',0,2,'แผ่น',373.28,'2018-07-20 02:12:13'),
	(569,'198PWY',30,'แผ่นพื้นสำเร็จรูป ชนิด3ขา(LLไม่น้อยกว่า450kg/m²) ขนาด 0.35 x 2.27 m.',0,1,'แผ่น',1.00,'2018-07-20 02:12:13'),
	(570,'198PWY',30,'แผ่นพื้นสำเร็จรูป ชนิด3ขา(LLไม่น้อยกว่า200kg/m²) ขนาด 0.35 x 4.13 m.',0,4,'แผ่น',344.40,'2018-07-20 02:12:13'),
	(571,'198PWY',32,'อิฐ Q-CON 7.5 Cm.',3,1,'ก้อน',13.00,'2018-07-20 02:17:08'),
	(572,'198PWY',30,'แผ่นพื้นสำเร็จรูป ชนิด3ขา(LLไม่น้อยกว่า200kg/m²) ขนาด 0.35 x 3.60 m.',0,1,'แผ่น',283.50,'2018-07-20 02:12:13'),
	(573,'198PWY',30,'แผ่นพื้นสำเร็จรูป ชนิด3ขา(LLไม่น้อยกว่า450kg/m²) ขนาด 0.35 x 2.30 m.',0,1,'แผ่น',338.10,'2018-07-20 02:12:13'),
	(574,'198PWY',30,'แผ่นพื้นสำเร็จรูป ชนิด3ขา(LLไม่น้อยกว่า200kg/m²) ขนาด 0.35 x 2.10 m.',0,1,'แผ่น',154.35,'2018-07-20 02:12:13'),
	(575,'198PWY',30,'แผ่นพื้นสำเร็จรูป ชนิด3ขา(LLไม่น้อยกว่า200kg/m²) ขนาด 0.35 x 1.83 m.',0,1,'แผ่น',134.51,'2018-07-20 02:12:13'),
	(576,'198PWY',30,'แผ่นพื้นสำเร็จรูป ชนิด3ขา(LLไม่น้อยกว่า200kg/m²) ขนาด 0.35 x 1.67 m.',0,1,'แผ่น',122.75,'2018-07-20 02:12:13'),
	(577,'198PWY',30,'แผ่นพื้นสำเร็จรูป ชนิด3ขา(LLไม่น้อยกว่า200kg/m²) ขนาด 0.35 x 1.37 m.',0,1,'แผ่น',100.70,'2018-07-20 02:12:13'),
	(578,'198PWY',30,'แผ่นพื้นสำเร็จรูป ชนิด3ขา(LLไม่น้อยกว่า200kg/m²) ขนาด 0.35 x 1.07 m.',0,1,'แผ่น',0.00,'2018-07-20 02:12:13'),
	(579,'198PWY',31,' เสาเข็ม I 12x12x6.00m.(APPROACH SLAB)+(พื้นที่จอดรถ)(ตามพื้นที่จริง) ',0,1,'ต้น',390.00,'2018-07-14 16:43:31'),
	(580,'198PWY',31,' เสาเข็ม I 12x12x4.00 m.(งานซักล้าง)+(งานถังบำบัด+ถังน้ำดี) ',0,1,'ต้น',260.00,'2018-07-14 16:43:31'),
	(581,'198PWY',32,'อิฐ Q-CON 15 Cm.',3,1,'ก้อน',26.00,'2018-07-20 02:17:08'),
	(582,'198PWY',32,'อิฐ Q-CON 12.5 Cm.',3,1,'ก้อน',21.67,'2018-07-20 02:17:08'),
	(583,'198PWY',33,'Modern Drain No.MDT 70 ขนาด2\"  (เฉพาะใช้สำหรับงานกระเบื้อง)',0,1,'ชุด',1.00,'2018-07-20 02:13:39'),
	(584,'198PWY',33,'Modern Drain No.MDT 70 ขนาด2\"  (ตัวฝัง+ฝาใช้สำหรับงานกระเบื้อง)',0,1,'ชุด',580.00,'2018-07-20 02:13:39'),
	(585,'198PWY',33,'Modern Drain No.MDR-FN 46 ขนาด2\"   (รุ่นก้นกันกลิ่น)',0,1,'ชุด',470.00,'2018-07-20 02:13:39'),
	(586,'198PWY',34,'ไม้เชิงชายสำเร็จรูปCONWOOD 8\"  สีงาช้าง',1,1,'แผ่น',190.00,'2018-07-20 02:18:24'),
	(587,'198PWY',34,'บัวเชิงผนังสำเร็จรูปCOONWOOD  ขนาด4\" (ระแนงตัดชิ้น สีงาช้าง) หนา 11 mm.',1,1,'แผ่น',53.00,'2018-07-20 02:18:24'),
	(592,'198PWY',36,'ถังบำบัดน้ำเสีย (EC-5) 1600 ลิตร',0,1,'ใบ',1.00,'2018-07-20 02:12:32'),
	(593,'198PWY',36,'ถังบำบัดน้ำเสีย (EC-3) 1100 ลิตร',0,1,'ใบ',1.00,'2018-07-20 02:12:32'),
	(594,'198PWY',36,'ถังดักไขมัน GT.-20UG',0,1,'ใบ',1.00,'2018-07-20 02:12:32'),
	(595,'198PWY',36,'ถังดักไขมัน GT.-20UG',0,1,'ใบ',1.00,'2018-07-20 02:12:32'),
	(596,'198PWY',37,'โครงหลังคา Demo',0,1,'1',1.00,'2018-07-20 02:13:15'),
	(597,'198PWY',38,'วงกบ ไม้สังเคราะห์ 2\"x4\"แบบเหลี่ยม บังใบ38 mm.   (80x210 ) HDFCMT8',0,1,'วง',1.00,'2018-07-20 02:14:05'),
	(598,'198PWY',39,'วงกบไม้เนื้อแข็ง DEMO',15,1,'1',1.00,'2018-07-20 02:14:29'),
	(599,'198PWY',40,'ฉากกั้นอาบน้ำ TEMPERED GLASS  บานเปลื่อย',0,1,'ตู้',1.00,'2018-07-20 02:14:57'),
	(600,'198PWY',40,'ฉากกั้นอาบน้ำ กั้นระหว่างห้องชักโครก และห้องอาบน้ำ',0,1,'ตู้',1.00,'2018-07-20 02:14:57'),
	(601,'198PWY',41,'ราวบันไดกันตก',0,1,'แปลง',1.00,'2018-07-20 02:18:46'),
	(602,'198PWY',42,'ไม้บันใด',0,1,'แปลง',1.00,'2018-07-15 23:31:06'),
	(603,'198PWY',43,'ราวระเบียงกระจก Temperated 12 mm.',0,1,'แปลง',1.00,'2018-07-15 23:34:45');

/*!40000 ALTER TABLE `material` ENABLE KEYS */;
UNLOCK TABLES;


# Dump of table material_group
# ------------------------------------------------------------

DROP TABLE IF EXISTS `material_group`;

CREATE TABLE `material_group` (
  `id` int(11) NOT NULL AUTO_INCREMENT,
  `name` varchar(200) NOT NULL,
  `created_at` datetime NOT NULL DEFAULT CURRENT_TIMESTAMP,
  PRIMARY KEY (`id`)
) ENGINE=InnoDB DEFAULT CHARSET=utf8;

LOCK TABLES `material_group` WRITE;
/*!40000 ALTER TABLE `material_group` DISABLE KEYS */;

INSERT INTO `material_group` (`id`, `name`, `created_at`)
VALUES
	(3,'งวดที่ 1 งานที่ 1','2018-07-20 01:23:56'),
	(4,'งวดที่ 1 งานที่ 2','2018-06-23 15:24:53'),
	(5,'งวดที่ 1 งานที่ 3','2018-07-20 01:24:01'),
	(6,'งวดที่ 1 งานที่ 4','2018-06-23 15:25:10'),
	(8,'งวดที่ 1 งานที่ 5','2018-06-23 16:52:43'),
	(9,'งวดที่ 2 งานที่ 6','2018-07-20 01:24:35'),
	(10,'งวดที่ 2 งานที่ 7','2018-07-20 01:24:37'),
	(11,'งวดที่ 2 งานที่ 8','2018-07-20 01:24:40'),
	(12,'งวดที่ 2 งานที่ 9','2018-07-20 01:24:42'),
	(13,'งวดที่ 3 งานที่ 10','2018-07-20 01:24:43'),
	(14,'งวดที่ 3 งานที่ 11','2018-07-20 01:24:44'),
	(15,'งวดที่ 3 งานที่ 12','2018-07-20 01:24:53'),
	(16,'งวดที่ 4 งานที่ 13','2018-07-20 01:24:54'),
	(17,'งวดที่ 4 งานที่ 14','2018-07-20 01:24:56'),
	(18,'งวดที่ 4 งานที่ 15','2018-07-20 01:24:57'),
	(19,'งวดที่ 5 งานที่ 16','2018-07-20 01:24:59'),
	(20,'งวดที่ 5 งานที่ 17','2018-07-20 01:27:04'),
	(21,'งวดที่ 5 งานที่ 18','2018-07-20 01:27:13'),
	(22,'งวดที่ 5 งานที่ 19','2018-07-20 01:27:46'),
	(23,'งวดที่ 6 งานที่ 20','2018-07-20 01:27:47'),
	(24,'งวดที่ 6 งานที่ 21','2018-07-20 01:27:48'),
	(25,'งวดที่ 6 งานที่ 22','2018-07-20 01:27:50'),
	(26,'งวดที่ 6 งานที่ 23','2018-07-20 01:27:52');

/*!40000 ALTER TABLE `material_group` ENABLE KEYS */;
UNLOCK TABLES;


# Dump of table material_group_detail
# ------------------------------------------------------------

DROP TABLE IF EXISTS `material_group_detail`;

CREATE TABLE `material_group_detail` (
  `id` int(11) NOT NULL AUTO_INCREMENT,
  `house_id` varchar(100) DEFAULT NULL,
  `material_id` int(11) NOT NULL,
  `material_group_id` int(11) NOT NULL,
  `amount` tinyint(4) DEFAULT '0',
  `created_at` datetime NOT NULL DEFAULT CURRENT_TIMESTAMP,
  PRIMARY KEY (`id`)
) ENGINE=InnoDB DEFAULT CHARSET=utf8;

LOCK TABLES `material_group_detail` WRITE;
/*!40000 ALTER TABLE `material_group_detail` DISABLE KEYS */;

INSERT INTO `material_group_detail` (`id`, `house_id`, `material_id`, `material_group_id`, `amount`, `created_at`)
VALUES
	(405,'198PWY',568,3,2,'2018-07-20 02:12:13'),
	(406,'198PWY',570,3,4,'2018-07-20 02:12:13'),
	(407,'198PWY',572,3,1,'2018-07-20 02:12:13'),
	(408,'198PWY',569,3,1,'2018-07-20 02:12:13'),
	(409,'198PWY',574,3,1,'2018-07-20 02:12:13'),
	(410,'198PWY',576,3,1,'2018-07-20 02:12:13'),
	(411,'198PWY',573,3,1,'2018-07-20 02:12:13'),
	(412,'198PWY',575,3,1,'2018-07-20 02:12:13'),
	(413,'198PWY',578,3,1,'2018-07-20 02:12:13'),
	(414,'198PWY',577,3,1,'2018-07-20 02:12:13'),
	(415,'198PWY',592,3,1,'2018-07-20 02:12:32'),
	(416,'198PWY',595,3,1,'2018-07-20 02:12:32'),
	(417,'198PWY',594,3,1,'2018-07-20 02:12:32'),
	(418,'198PWY',593,3,1,'2018-07-20 02:12:32'),
	(419,'198PWY',596,3,1,'2018-07-20 02:13:15'),
	(420,'198PWY',583,3,1,'2018-07-20 02:13:39'),
	(421,'198PWY',584,3,1,'2018-07-20 02:13:39'),
	(422,'198PWY',585,3,1,'2018-07-20 02:13:39'),
	(423,'198PWY',597,3,1,'2018-07-20 02:14:05'),
	(424,'198PWY',598,3,1,'2018-07-20 02:14:29'),
	(425,'198PWY',599,3,1,'2018-07-20 02:14:57'),
	(426,'198PWY',600,3,1,'2018-07-20 02:14:57'),
	(427,'198PWY',581,5,1,'2018-07-20 02:17:08'),
	(428,'198PWY',582,5,1,'2018-07-20 02:17:08'),
	(429,'198PWY',571,5,1,'2018-07-20 02:17:08'),
	(430,'198PWY',587,5,1,'2018-07-20 02:18:24'),
	(431,'198PWY',586,5,1,'2018-07-20 02:18:24'),
	(432,'198PWY',601,5,1,'2018-07-20 02:18:46');

/*!40000 ALTER TABLE `material_group_detail` ENABLE KEYS */;
UNLOCK TABLES;


# Dump of table material_price
# ------------------------------------------------------------

DROP TABLE IF EXISTS `material_price`;

CREATE TABLE `material_price` (
  `id` int(11) NOT NULL AUTO_INCREMENT,
  `material_id` int(11) NOT NULL,
  `side` enum('left','right') NOT NULL,
  `color` varchar(100) DEFAULT NULL,
  `price` decimal(10,2) DEFAULT NULL,
  `created_at` datetime NOT NULL DEFAULT CURRENT_TIMESTAMP,
  PRIMARY KEY (`id`)
) ENGINE=InnoDB DEFAULT CHARSET=utf8;

LOCK TABLES `material_price` WRITE;
/*!40000 ALTER TABLE `material_price` DISABLE KEYS */;

INSERT INTO `material_price` (`id`, `material_id`, `side`, `color`, `price`, `created_at`)
VALUES
	(1173,565,'left','B3PW1',10.00,'2018-06-08 15:02:16'),
	(1174,565,'right','B3PW1',10.00,'2018-06-08 15:02:16'),
	(1175,566,'left','B3PW1',11.00,'2018-06-08 15:02:16'),
	(1176,566,'right','B3PW1',11.00,'2018-06-08 15:02:16'),
	(1225,562,'left','defalut',196.00,'2018-06-09 14:47:24'),
	(1226,561,'left','defalut',10.00,'2018-06-09 14:47:24'),
	(1227,564,'left','defalut',296.00,'2018-06-09 14:47:24'),
	(1228,562,'right','defalut',196.00,'2018-06-09 14:47:24'),
	(1229,561,'right','defalut',10.00,'2018-06-09 14:47:24'),
	(1230,564,'right','defalut',296.00,'2018-06-09 14:47:24'),
	(1231,558,'left','defalut',5.00,'2018-06-09 14:49:37'),
	(1232,560,'left','defalut',11.00,'2018-06-09 14:49:37'),
	(1233,559,'left','defalut',6.00,'2018-06-09 14:49:37'),
	(1234,558,'right','defalut',5.00,'2018-06-09 14:49:37'),
	(1235,560,'right','defalut',11.00,'2018-06-09 14:49:37'),
	(1236,559,'right','defalut',6.00,'2018-06-09 14:49:37'),
	(1240,563,'left','B3PW1',199.00,'2018-06-09 14:59:53'),
	(1241,563,'left','B3PW4',400.00,'2018-06-09 14:59:53'),
	(1242,563,'left','B3PW2',300.00,'2018-06-09 14:59:53'),
	(1243,563,'right','B3PW1',199.00,'2018-06-09 14:59:53'),
	(1244,563,'right','B3PW2',300.00,'2018-06-09 14:59:53'),
	(2119,553,'left','defalut',14.00,'2018-07-11 00:10:52'),
	(2120,554,'left','defalut',10.00,'2018-07-11 00:10:52'),
	(2121,555,'left','defalut',9.00,'2018-07-11 00:10:52'),
	(2122,556,'left','defalut',13.00,'2018-07-11 00:10:52'),
	(2123,553,'right','defalut',14.00,'2018-07-11 00:10:52'),
	(2124,557,'left','defalut',10.00,'2018-07-11 00:10:52'),
	(2125,555,'right','defalut',9.00,'2018-07-11 00:10:52'),
	(2126,554,'right','defalut',10.00,'2018-07-11 00:10:52'),
	(2127,556,'right','defalut',13.00,'2018-07-11 00:10:52'),
	(2128,557,'right','defalut',10.00,'2018-07-11 00:10:52'),
	(2147,580,'left','B3PW1',15.00,'2018-07-14 16:43:31'),
	(2148,567,'left','B3PW1',9.00,'2018-07-14 16:43:31'),
	(2149,579,'left','B3PW1',0.00,'2018-07-14 16:43:31'),
	(2150,580,'left','B3PW2',15.00,'2018-07-14 16:43:31'),
	(2151,567,'left','B3PW2',9.00,'2018-07-14 16:43:31'),
	(2152,579,'left','B3PW2',0.00,'2018-07-14 16:43:31'),
	(2153,580,'left','B3PW3',15.00,'2018-07-14 16:43:31'),
	(2154,580,'right','B3PW1',15.00,'2018-07-14 16:43:31'),
	(2155,580,'right','B3PW2',15.00,'2018-07-14 16:43:31'),
	(2156,567,'left','B3PW3',9.00,'2018-07-14 16:43:31'),
	(2157,580,'right','B3PW3',15.00,'2018-07-14 16:43:31'),
	(2158,567,'right','B3PW1',9.00,'2018-07-14 16:43:31'),
	(2159,567,'right','B3PW2',9.00,'2018-07-14 16:43:31'),
	(2160,567,'right','B3PW3',9.00,'2018-07-14 16:43:31'),
	(2161,579,'left','B3PW3',0.00,'2018-07-14 16:43:31'),
	(2162,579,'right','B3PW1',0.00,'2018-07-14 16:43:31'),
	(2163,579,'right','B3PW2',0.00,'2018-07-14 16:43:31'),
	(2164,579,'right','B3PW3',0.00,'2018-07-14 16:43:31'),
	(2267,591,'left','B3PW1',200.00,'2018-07-15 16:48:11'),
	(2268,590,'left','B3PW1',100.00,'2018-07-15 16:48:11'),
	(2269,591,'right','B3PW1',200.00,'2018-07-15 16:48:11'),
	(2270,590,'right','B3PW1',100.00,'2018-07-15 16:48:11'),
	(2339,602,'left','B3PW1',1.00,'2018-07-15 23:31:06'),
	(2340,602,'left','B3PW2',1.00,'2018-07-15 23:31:06'),
	(2341,602,'left','B3PW3',1.00,'2018-07-15 23:31:06'),
	(2342,602,'right','B3PW1',1.00,'2018-07-15 23:31:06'),
	(2343,602,'right','B3PW2',1.00,'2018-07-15 23:31:06'),
	(2344,602,'right','B3PW3',1.00,'2018-07-15 23:31:06'),
	(2345,603,'left','B3PW1',1.00,'2018-07-15 23:34:45'),
	(2346,603,'left','B3PW2',1.00,'2018-07-15 23:34:45'),
	(2347,603,'left','B3PW3',1.00,'2018-07-15 23:34:45'),
	(2348,603,'right','B3PW1',1.00,'2018-07-15 23:34:45'),
	(2349,603,'right','B3PW2',1.00,'2018-07-15 23:34:45'),
	(2350,603,'right','B3PW3',1.00,'2018-07-15 23:34:45'),
	(2531,568,'left','B3PW1',21.00,'2018-07-20 02:12:13'),
	(2532,570,'left','B3PW1',22.00,'2018-07-20 02:12:13'),
	(2533,572,'left','B3PW2',12.00,'2018-07-20 02:12:13'),
	(2534,569,'left','B3PW1',23.00,'2018-07-20 02:12:13'),
	(2535,568,'left','B3PW2',21.00,'2018-07-20 02:12:13'),
	(2536,570,'left','B3PW2',22.00,'2018-07-20 02:12:13'),
	(2537,572,'left','B3PW3',12.00,'2018-07-20 02:12:13'),
	(2538,569,'left','B3PW2',23.00,'2018-07-20 02:12:13'),
	(2539,568,'left','B3PW3',21.00,'2018-07-20 02:12:13'),
	(2540,570,'left','B3PW3',22.00,'2018-07-20 02:12:13'),
	(2541,568,'right','B3PW2',21.00,'2018-07-20 02:12:13'),
	(2542,568,'right','B3PW1',21.00,'2018-07-20 02:12:13'),
	(2543,568,'right','B3PW3',21.00,'2018-07-20 02:12:13'),
	(2544,572,'left','B3PW1',12.00,'2018-07-20 02:12:13'),
	(2545,569,'left','B3PW3',23.00,'2018-07-20 02:12:13'),
	(2546,574,'left','B3PW2',14.00,'2018-07-20 02:12:13'),
	(2547,576,'left','B3PW2',4.00,'2018-07-20 02:12:13'),
	(2548,573,'left','B3PW2',14.00,'2018-07-20 02:12:13'),
	(2549,575,'left','B3PW2',5.00,'2018-07-20 02:12:13'),
	(2550,570,'right','B3PW3',22.00,'2018-07-20 02:12:13'),
	(2551,570,'right','B3PW1',22.00,'2018-07-20 02:12:13'),
	(2552,570,'right','B3PW2',22.00,'2018-07-20 02:12:13'),
	(2553,572,'right','B3PW2',12.00,'2018-07-20 02:12:13'),
	(2554,572,'right','B3PW3',12.00,'2018-07-20 02:12:13'),
	(2555,572,'right','B3PW1',12.00,'2018-07-20 02:12:13'),
	(2556,577,'left','B3PW2',12.00,'2018-07-20 02:12:13'),
	(2557,578,'left','B3PW2',15.00,'2018-07-20 02:12:13'),
	(2558,569,'right','B3PW1',23.00,'2018-07-20 02:12:13'),
	(2559,574,'left','B3PW3',14.00,'2018-07-20 02:12:13'),
	(2560,569,'right','B3PW3',23.00,'2018-07-20 02:12:13'),
	(2561,576,'left','B3PW3',4.00,'2018-07-20 02:12:13'),
	(2562,573,'left','B3PW3',14.00,'2018-07-20 02:12:13'),
	(2563,575,'left','B3PW3',5.00,'2018-07-20 02:12:13'),
	(2564,569,'right','B3PW2',23.00,'2018-07-20 02:12:13'),
	(2565,577,'left','B3PW3',12.00,'2018-07-20 02:12:13'),
	(2566,578,'left','B3PW3',15.00,'2018-07-20 02:12:13'),
	(2567,574,'left','B3PW1',14.00,'2018-07-20 02:12:13'),
	(2568,576,'left','B3PW1',4.00,'2018-07-20 02:12:13'),
	(2569,573,'left','B3PW1',14.00,'2018-07-20 02:12:13'),
	(2570,574,'right','B3PW2',14.00,'2018-07-20 02:12:13'),
	(2571,574,'right','B3PW1',14.00,'2018-07-20 02:12:13'),
	(2572,574,'right','B3PW3',14.00,'2018-07-20 02:12:13'),
	(2573,576,'right','B3PW3',4.00,'2018-07-20 02:12:13'),
	(2574,576,'right','B3PW2',4.00,'2018-07-20 02:12:13'),
	(2575,575,'left','B3PW1',5.00,'2018-07-20 02:12:13'),
	(2576,576,'right','B3PW1',4.00,'2018-07-20 02:12:13'),
	(2577,573,'right','B3PW3',14.00,'2018-07-20 02:12:13'),
	(2578,573,'right','B3PW2',14.00,'2018-07-20 02:12:13'),
	(2579,573,'right','B3PW1',14.00,'2018-07-20 02:12:13'),
	(2580,575,'right','B3PW2',5.00,'2018-07-20 02:12:13'),
	(2581,575,'right','B3PW3',5.00,'2018-07-20 02:12:13'),
	(2582,575,'right','B3PW1',5.00,'2018-07-20 02:12:13'),
	(2583,577,'left','B3PW1',12.00,'2018-07-20 02:12:13'),
	(2584,577,'right','B3PW3',12.00,'2018-07-20 02:12:13'),
	(2585,578,'left','B3PW1',15.00,'2018-07-20 02:12:13'),
	(2586,577,'right','B3PW2',12.00,'2018-07-20 02:12:13'),
	(2587,577,'right','B3PW1',12.00,'2018-07-20 02:12:13'),
	(2588,578,'right','B3PW2',15.00,'2018-07-20 02:12:13'),
	(2589,578,'right','B3PW1',15.00,'2018-07-20 02:12:13'),
	(2590,578,'right','B3PW3',15.00,'2018-07-20 02:12:13'),
	(2591,592,'left','B3PW1',2.00,'2018-07-20 02:12:32'),
	(2592,595,'left','B3PW1',1.00,'2018-07-20 02:12:32'),
	(2593,592,'left','B3PW2',2.00,'2018-07-20 02:12:32'),
	(2594,594,'left','B3PW1',1.00,'2018-07-20 02:12:32'),
	(2595,595,'left','B3PW2',1.00,'2018-07-20 02:12:32'),
	(2596,593,'left','B3PW1',1.00,'2018-07-20 02:12:32'),
	(2597,592,'left','B3PW3',2.00,'2018-07-20 02:12:32'),
	(2598,594,'left','B3PW2',1.00,'2018-07-20 02:12:32'),
	(2599,592,'right','B3PW1',2.00,'2018-07-20 02:12:32'),
	(2600,592,'right','B3PW2',2.00,'2018-07-20 02:12:32'),
	(2601,592,'right','B3PW3',2.00,'2018-07-20 02:12:32'),
	(2602,595,'left','B3PW3',1.00,'2018-07-20 02:12:32'),
	(2603,593,'left','B3PW2',1.00,'2018-07-20 02:12:32'),
	(2604,595,'right','B3PW1',1.00,'2018-07-20 02:12:32'),
	(2605,595,'right','B3PW2',1.00,'2018-07-20 02:12:32'),
	(2606,595,'right','B3PW3',1.00,'2018-07-20 02:12:32'),
	(2607,594,'left','B3PW3',1.00,'2018-07-20 02:12:32'),
	(2608,594,'right','B3PW1',1.00,'2018-07-20 02:12:32'),
	(2609,594,'right','B3PW2',1.00,'2018-07-20 02:12:32'),
	(2610,594,'right','B3PW3',1.00,'2018-07-20 02:12:32'),
	(2611,593,'left','B3PW3',1.00,'2018-07-20 02:12:32'),
	(2612,593,'right','B3PW1',1.00,'2018-07-20 02:12:32'),
	(2613,593,'right','B3PW2',1.00,'2018-07-20 02:12:32'),
	(2614,593,'right','B3PW3',1.00,'2018-07-20 02:12:32'),
	(2615,596,'left','B3PW1',2.00,'2018-07-20 02:13:15'),
	(2616,596,'left','B3PW2',2.00,'2018-07-20 02:13:15'),
	(2617,596,'left','B3PW3',3.00,'2018-07-20 02:13:15'),
	(2618,596,'right','B3PW1',2.00,'2018-07-20 02:13:15'),
	(2619,596,'right','B3PW2',2.00,'2018-07-20 02:13:15'),
	(2620,596,'right','B3PW3',3.00,'2018-07-20 02:13:15'),
	(2621,583,'left','B3PW1',7.00,'2018-07-20 02:13:39'),
	(2622,584,'left','B3PW1',3.00,'2018-07-20 02:13:39'),
	(2623,585,'left','B3PW1',4.00,'2018-07-20 02:13:39'),
	(2624,583,'left','B3PW2',7.00,'2018-07-20 02:13:39'),
	(2625,584,'left','B3PW2',3.00,'2018-07-20 02:13:39'),
	(2626,585,'left','B3PW2',4.00,'2018-07-20 02:13:39'),
	(2627,583,'left','B3PW3',7.00,'2018-07-20 02:13:39'),
	(2628,583,'right','B3PW1',7.00,'2018-07-20 02:13:39'),
	(2629,583,'right','B3PW2',7.00,'2018-07-20 02:13:39'),
	(2630,583,'right','B3PW3',7.00,'2018-07-20 02:13:39'),
	(2631,584,'left','B3PW3',3.00,'2018-07-20 02:13:39'),
	(2632,584,'right','B3PW1',3.00,'2018-07-20 02:13:39'),
	(2633,584,'right','B3PW2',3.00,'2018-07-20 02:13:39'),
	(2634,584,'right','B3PW3',3.00,'2018-07-20 02:13:39'),
	(2635,585,'left','B3PW3',4.00,'2018-07-20 02:13:39'),
	(2636,585,'right','B3PW1',4.00,'2018-07-20 02:13:39'),
	(2637,585,'right','B3PW2',4.00,'2018-07-20 02:13:39'),
	(2638,585,'right','B3PW3',4.00,'2018-07-20 02:13:39'),
	(2639,597,'left','B3PW1',1.00,'2018-07-20 02:14:05'),
	(2640,597,'left','B3PW2',1.00,'2018-07-20 02:14:05'),
	(2641,597,'left','B3PW3',1.00,'2018-07-20 02:14:05'),
	(2642,597,'right','B3PW1',1.00,'2018-07-20 02:14:05'),
	(2643,597,'right','B3PW2',1.00,'2018-07-20 02:14:05'),
	(2644,597,'right','B3PW3',1.00,'2018-07-20 02:14:05'),
	(2645,598,'left','B3PW1',1.00,'2018-07-20 02:14:29'),
	(2646,598,'left','B3PW2',1.00,'2018-07-20 02:14:29'),
	(2647,598,'left','B3PW3',1.00,'2018-07-20 02:14:29'),
	(2648,598,'right','B3PW1',1.00,'2018-07-20 02:14:29'),
	(2649,598,'right','B3PW2',1.00,'2018-07-20 02:14:29'),
	(2650,598,'right','B3PW3',1.00,'2018-07-20 02:14:29'),
	(2651,599,'left','B3PW1',1.00,'2018-07-20 02:14:57'),
	(2652,600,'left','B3PW1',1.00,'2018-07-20 02:14:57'),
	(2653,599,'left','B3PW2',1.00,'2018-07-20 02:14:57'),
	(2654,600,'left','B3PW2',1.00,'2018-07-20 02:14:57'),
	(2655,599,'left','B3PW3',1.00,'2018-07-20 02:14:57'),
	(2656,599,'right','B3PW1',1.00,'2018-07-20 02:14:57'),
	(2657,599,'right','B3PW2',1.00,'2018-07-20 02:14:57'),
	(2658,599,'right','B3PW3',1.00,'2018-07-20 02:14:57'),
	(2659,600,'left','B3PW3',1.00,'2018-07-20 02:14:57'),
	(2660,600,'right','B3PW1',1.00,'2018-07-20 02:14:57'),
	(2661,600,'right','B3PW2',1.00,'2018-07-20 02:14:57'),
	(2662,600,'right','B3PW3',1.00,'2018-07-20 02:14:57'),
	(2663,581,'left','B3PW1',55.00,'2018-07-20 02:17:08'),
	(2664,582,'left','B3PW1',0.00,'2018-07-20 02:17:08'),
	(2665,571,'left','B3PW1',411.00,'2018-07-20 02:17:08'),
	(2666,581,'left','B3PW2',55.00,'2018-07-20 02:17:08'),
	(2667,582,'left','B3PW2',0.00,'2018-07-20 02:17:08'),
	(2668,571,'left','B3PW2',411.00,'2018-07-20 02:17:08'),
	(2669,581,'left','B3PW3',55.00,'2018-07-20 02:17:08'),
	(2670,581,'right','B3PW1',55.00,'2018-07-20 02:17:08'),
	(2671,581,'right','B3PW2',55.00,'2018-07-20 02:17:08'),
	(2672,581,'right','B3PW3',55.00,'2018-07-20 02:17:08'),
	(2673,582,'left','B3PW3',0.00,'2018-07-20 02:17:08'),
	(2674,582,'right','B3PW1',0.00,'2018-07-20 02:17:08'),
	(2675,582,'right','B3PW2',0.00,'2018-07-20 02:17:08'),
	(2676,582,'right','B3PW3',0.00,'2018-07-20 02:17:08'),
	(2677,571,'left','B3PW3',411.00,'2018-07-20 02:17:08'),
	(2678,571,'right','B3PW1',411.00,'2018-07-20 02:17:08'),
	(2679,571,'right','B3PW2',411.00,'2018-07-20 02:17:08'),
	(2680,571,'right','B3PW3',411.00,'2018-07-20 02:17:08'),
	(2681,587,'left','B3PW1',26.00,'2018-07-20 02:18:24'),
	(2682,586,'left','B3PW1',22.00,'2018-07-20 02:18:24'),
	(2683,587,'left','B3PW2',26.00,'2018-07-20 02:18:24'),
	(2684,586,'left','B3PW2',22.00,'2018-07-20 02:18:24'),
	(2685,587,'left','B3PW3',26.00,'2018-07-20 02:18:24'),
	(2686,587,'right','B3PW1',26.00,'2018-07-20 02:18:24'),
	(2687,587,'right','B3PW2',26.00,'2018-07-20 02:18:24'),
	(2688,587,'right','B3PW3',26.00,'2018-07-20 02:18:24'),
	(2689,586,'left','B3PW3',22.00,'2018-07-20 02:18:24'),
	(2690,586,'right','B3PW1',22.00,'2018-07-20 02:18:24'),
	(2691,586,'right','B3PW2',22.00,'2018-07-20 02:18:24'),
	(2692,586,'right','B3PW3',22.00,'2018-07-20 02:18:24'),
	(2693,601,'left','B3PW1',1.00,'2018-07-20 02:18:46'),
	(2694,601,'left','B3PW2',1.00,'2018-07-20 02:18:46'),
	(2695,601,'left','B3PW3',1.00,'2018-07-20 02:18:46'),
	(2696,601,'right','B3PW1',1.00,'2018-07-20 02:18:46'),
	(2697,601,'right','B3PW2',1.00,'2018-07-20 02:18:46'),
	(2698,601,'right','B3PW3',1.00,'2018-07-20 02:18:46');

/*!40000 ALTER TABLE `material_price` ENABLE KEYS */;
UNLOCK TABLES;


# Dump of table ordering
# ------------------------------------------------------------

DROP TABLE IF EXISTS `ordering`;

CREATE TABLE `ordering` (
  `id` int(11) NOT NULL AUTO_INCREMENT,
  `progress_id` int(11) DEFAULT NULL,
  `store_id` int(11) NOT NULL,
  `contract_code` varchar(255) DEFAULT NULL,
  `total_price` decimal(10,2) NOT NULL DEFAULT '0.00',
  `amount` tinyint(2) NOT NULL DEFAULT '0',
  `date_start` date DEFAULT NULL,
  `status` enum('pending','wait','confirmed','received') DEFAULT 'wait',
  `order_type` enum('normal','extra') NOT NULL DEFAULT 'normal',
  `note` text,
  `created_at` datetime NOT NULL DEFAULT CURRENT_TIMESTAMP,
  PRIMARY KEY (`id`)
) ENGINE=InnoDB DEFAULT CHARSET=utf8;

LOCK TABLES `ordering` WRITE;
/*!40000 ALTER TABLE `ordering` DISABLE KEYS */;

INSERT INTO `ordering` (`id`, `progress_id`, `store_id`, `contract_code`, `total_price`, `amount`, `date_start`, `status`, `order_type`, `note`, `created_at`)
VALUES
	(220,3396,37,'AB0001',1.00,1,'2018-07-20','received','normal','','2018-07-20 02:20:24'),
	(221,3396,36,'AB0001',4.00,4,'2018-07-20','received','normal','','2018-07-20 02:20:24'),
	(222,3396,30,'AB0001',3259.07,10,'2018-07-20','received','normal','','2018-07-20 02:20:24'),
	(223,3396,33,'AB0001',1051.00,3,'2018-07-20','received','normal','','2018-07-20 02:20:24'),
	(224,3396,38,'AB0001',1.00,1,'2018-07-20','received','normal','','2018-07-20 02:20:24'),
	(225,3396,40,'AB0001',2.00,2,'2018-07-20','received','normal','','2018-07-20 02:20:24'),
	(226,3396,39,'AB0001',1.00,1,'2018-08-04','pending','normal','','2018-07-20 02:20:24'),
	(227,NULL,37,'AB0001',2.00,1,'2018-07-20','received','extra','ทดสอบ','2018-07-20 02:38:49'),
	(228,NULL,36,'AB0001',5.00,1,'2018-07-20','received','extra','ทดสอบ','2018-07-20 02:38:49'),
	(229,3398,32,'AB0001',60.67,3,'2018-07-23','wait','normal','','2018-07-20 02:48:15'),
	(230,3398,34,'AB0001',243.00,2,'2018-07-21','wait','normal','','2018-07-20 02:48:15'),
	(231,3398,41,'AB0001',1.00,1,'2018-07-20','confirmed','normal','','2018-07-20 02:48:15'),
	(232,NULL,40,'AB0001',1.00,1,'2018-07-20','received','extra','ทดสอบ','2018-07-20 02:52:10'),
	(243,3468,30,'DD0001',3259.07,10,'2018-07-20','confirmed','normal','','2018-07-20 10:07:02'),
	(244,3468,33,'DD0001',1051.00,3,'2018-07-20','confirmed','normal','','2018-07-20 10:07:02'),
	(245,3468,36,'DD0001',4.00,4,'2018-07-20','confirmed','normal','','2018-07-20 10:07:02'),
	(246,3468,37,'DD0001',1.00,1,'2018-07-20','confirmed','normal','','2018-07-20 10:07:02'),
	(247,3468,40,'DD0001',2.00,2,'2018-07-20','confirmed','normal','','2018-07-20 10:07:02'),
	(248,3468,39,'DD0001',1.00,1,'2018-08-04','pending','normal','','2018-07-20 10:07:02'),
	(249,3468,38,'DD0001',1.00,1,'2018-07-20','confirmed','normal','','2018-07-20 10:07:02'),
	(250,3470,34,'DD0001',243.00,2,'2018-07-21','confirmed','normal','','2018-07-20 10:07:54'),
	(251,3470,32,'DD0001',60.67,3,'2018-07-23','wait','normal','','2018-07-20 10:07:54'),
	(252,3470,41,'DD0001',1.00,1,'2018-07-20','confirmed','normal','','2018-07-20 10:07:54'),
	(253,3504,33,'TEST01',1051.00,3,'2018-07-20','received','normal','','2018-07-20 10:45:28'),
	(254,3504,30,'TEST01',3259.07,10,'2018-07-20','received','normal','','2018-07-20 10:45:28'),
	(255,3504,36,'TEST01',4.00,4,'2018-07-20','confirmed','normal','','2018-07-20 10:45:28'),
	(256,3504,37,'TEST01',1.00,1,'2018-07-20','confirmed','normal','','2018-07-20 10:45:28'),
	(257,3504,38,'TEST01',1.00,1,'2018-07-20','confirmed','normal','','2018-07-20 10:45:28'),
	(258,3504,39,'TEST01',1.00,1,'2018-08-04','pending','normal','','2018-07-20 10:45:28'),
	(259,3504,40,'TEST01',2.00,2,'2018-07-20','confirmed','normal','','2018-07-20 10:45:28'),
	(260,NULL,32,'TEST01',21.67,1,'2018-07-20','confirmed','extra','ทดสอบ','2018-07-20 11:17:01'),
	(261,3506,34,'TEST01',243.00,2,'2018-07-21','confirmed','normal','','2018-07-20 11:39:54'),
	(262,3506,41,'TEST01',1.00,1,'2018-07-21','confirmed','normal','','2018-07-20 11:39:54'),
	(263,3506,32,'TEST01',60.67,3,'2018-07-27','confirmed','normal','','2018-07-20 11:39:54'),
	(264,3540,33,'TEST02',1051.00,3,'2018-07-21','confirmed','normal','','2018-07-21 12:44:40'),
	(265,3540,30,'TEST02',3259.07,10,'2018-07-21','confirmed','normal','','2018-07-21 12:44:40'),
	(266,3540,36,'TEST02',4.00,4,'2018-07-21','confirmed','normal','','2018-07-21 12:44:40'),
	(267,3540,37,'TEST02',1.00,1,'2018-07-21','confirmed','normal','','2018-07-21 12:44:40'),
	(268,3540,38,'TEST02',1.00,1,'2018-07-21','confirmed','normal','','2018-07-21 12:44:40'),
	(269,3540,39,'TEST02',1.00,1,'2018-08-05','pending','normal','','2018-07-21 12:44:40'),
	(270,3540,40,'TEST02',2.00,2,'2018-07-21','confirmed','normal','','2018-07-21 12:44:40'),
	(271,NULL,42,'AB0001',1.00,1,'2018-07-23','confirmed','extra','test','2018-07-22 14:09:52'),
	(272,NULL,33,'AC0002',1.00,1,'2018-07-22','confirmed','extra','test','2018-07-22 14:10:12'),
	(273,NULL,40,'AC0002',1.00,1,'2018-07-23','confirmed','extra','test','2018-07-22 14:10:48'),
	(274,NULL,43,'TEST02',1.00,1,'2018-07-22','confirmed','extra','tet','2018-07-22 14:39:16'),
	(275,NULL,32,'TEST01',21.67,1,'2018-07-23','confirmed','extra','test','2018-07-22 14:46:11'),
	(276,NULL,41,'AB0001',1.00,1,'2018-07-23','confirmed','extra','tettest','2018-07-22 14:52:34'),
	(277,NULL,33,'TEST02',1051.00,3,'2018-07-23','confirmed','extra','test','2018-07-22 23:14:38'),
	(284,NULL,42,'TEST02',1.00,1,'2018-07-23','received','extra','11','2018-07-23 00:34:40'),
	(285,NULL,43,'AB0001',1.00,1,'2018-07-23','confirmed','extra','11','2018-07-23 00:35:17'),
	(286,3576,30,'TT0001',3259.07,10,'2018-07-23','confirmed','normal','','2018-07-23 00:40:22'),
	(287,3576,33,'TT0001',1051.00,3,'2018-07-23','confirmed','normal','','2018-07-23 00:40:22'),
	(288,3576,36,'TT0001',4.00,4,'2018-07-23','confirmed','normal','','2018-07-23 00:40:22'),
	(289,3576,37,'TT0001',1.00,1,'2018-07-23','confirmed','normal','','2018-07-23 00:40:22'),
	(290,3576,38,'TT0001',1.00,1,'2018-07-23','confirmed','normal','','2018-07-23 00:40:22'),
	(291,3576,39,'TT0001',1.00,1,'2018-08-07','pending','normal','','2018-07-23 00:40:22'),
	(292,3576,40,'TT0001',2.00,2,'2018-07-23','confirmed','normal','','2018-07-23 00:40:22'),
	(293,NULL,43,'TT0001',1.00,1,'2018-07-27','confirmed','extra','test','2018-07-27 01:21:36'),
	(294,NULL,42,'TT0001',1.00,1,'2018-07-27','confirmed','extra','test','2018-07-27 01:22:09');

/*!40000 ALTER TABLE `ordering` ENABLE KEYS */;
UNLOCK TABLES;


# Dump of table ordering_detail
# ------------------------------------------------------------

DROP TABLE IF EXISTS `ordering_detail`;

CREATE TABLE `ordering_detail` (
  `id` int(11) NOT NULL AUTO_INCREMENT,
  `order_id` int(11) NOT NULL,
  `name` varchar(255) NOT NULL,
  `price` decimal(10,2) NOT NULL DEFAULT '0.00',
  `unit_text` varchar(50) DEFAULT '',
  `unit_price` decimal(10,2) NOT NULL DEFAULT '0.00',
  `amount` tinyint(2) NOT NULL DEFAULT '0',
  `status` enum('wait','received') NOT NULL DEFAULT 'wait',
  `created_at` datetime NOT NULL DEFAULT CURRENT_TIMESTAMP,
  PRIMARY KEY (`id`)
) ENGINE=InnoDB DEFAULT CHARSET=utf8;

LOCK TABLES `ordering_detail` WRITE;
/*!40000 ALTER TABLE `ordering_detail` DISABLE KEYS */;

INSERT INTO `ordering_detail` (`id`, `order_id`, `name`, `price`, `unit_text`, `unit_price`, `amount`, `status`, `created_at`)
VALUES
	(831,220,'โครงหลังคา Demo',1.00,'1',1.00,1,'wait','2018-07-20 02:20:24'),
	(832,221,'ถังบำบัดน้ำเสีย (EC-5) 1600 ลิตร',1.00,'ใบ',1.00,1,'wait','2018-07-20 02:20:24'),
	(833,221,'ถังบำบัดน้ำเสีย (EC-3) 1100 ลิตร',1.00,'ใบ',1.00,1,'wait','2018-07-20 02:20:24'),
	(834,221,'ถังดักไขมัน GT.-20UG',1.00,'ใบ',1.00,1,'wait','2018-07-20 02:20:24'),
	(835,221,'ถังดักไขมัน GT.-20UG',1.00,'ใบ',1.00,1,'wait','2018-07-20 02:20:24'),
	(836,222,'แผ่นพื้นสำเร็จรูป ชนิด3ขา(LLไม่น้อยกว่า450kg/m²) ขนาด 0.35 x 3.95 m.',746.56,'แผ่น',373.28,2,'wait','2018-07-20 02:20:24'),
	(837,222,'แผ่นพื้นสำเร็จรูป ชนิด3ขา(LLไม่น้อยกว่า450kg/m²) ขนาด 0.35 x 2.27 m.',1.00,'แผ่น',1.00,1,'wait','2018-07-20 02:20:24'),
	(838,222,'แผ่นพื้นสำเร็จรูป ชนิด3ขา(LLไม่น้อยกว่า200kg/m²) ขนาด 0.35 x 4.13 m.',1377.60,'แผ่น',344.40,4,'wait','2018-07-20 02:20:24'),
	(839,222,'แผ่นพื้นสำเร็จรูป ชนิด3ขา(LLไม่น้อยกว่า200kg/m²) ขนาด 0.35 x 3.60 m.',283.50,'แผ่น',283.50,1,'wait','2018-07-20 02:20:24'),
	(840,222,'แผ่นพื้นสำเร็จรูป ชนิด3ขา(LLไม่น้อยกว่า450kg/m²) ขนาด 0.35 x 2.30 m.',338.10,'แผ่น',338.10,1,'wait','2018-07-20 02:20:24'),
	(841,222,'แผ่นพื้นสำเร็จรูป ชนิด3ขา(LLไม่น้อยกว่า200kg/m²) ขนาด 0.35 x 2.10 m.',154.35,'แผ่น',154.35,1,'wait','2018-07-20 02:20:24'),
	(842,222,'แผ่นพื้นสำเร็จรูป ชนิด3ขา(LLไม่น้อยกว่า200kg/m²) ขนาด 0.35 x 1.83 m.',134.51,'แผ่น',134.51,1,'wait','2018-07-20 02:20:24'),
	(843,222,'แผ่นพื้นสำเร็จรูป ชนิด3ขา(LLไม่น้อยกว่า200kg/m²) ขนาด 0.35 x 1.67 m.',122.75,'แผ่น',122.75,1,'wait','2018-07-20 02:20:24'),
	(844,222,'แผ่นพื้นสำเร็จรูป ชนิด3ขา(LLไม่น้อยกว่า200kg/m²) ขนาด 0.35 x 1.07 m.',0.00,'แผ่น',0.00,1,'wait','2018-07-20 02:20:24'),
	(845,222,'แผ่นพื้นสำเร็จรูป ชนิด3ขา(LLไม่น้อยกว่า200kg/m²) ขนาด 0.35 x 1.37 m.',100.70,'แผ่น',100.70,1,'wait','2018-07-20 02:20:24'),
	(846,223,'Modern Drain No.MDT 70 ขนาด2\"  (เฉพาะใช้สำหรับงานกระเบื้อง)',1.00,'ชุด',1.00,1,'wait','2018-07-20 02:20:24'),
	(847,223,'Modern Drain No.MDT 70 ขนาด2\"  (ตัวฝัง+ฝาใช้สำหรับงานกระเบื้อง)',580.00,'ชุด',580.00,1,'wait','2018-07-20 02:20:24'),
	(848,223,'Modern Drain No.MDR-FN 46 ขนาด2\"   (รุ่นก้นกันกลิ่น)',470.00,'ชุด',470.00,1,'wait','2018-07-20 02:20:24'),
	(849,224,'วงกบ ไม้สังเคราะห์ 2\"x4\"แบบเหลี่ยม บังใบ38 mm.   (80x210 ) HDFCMT8',1.00,'วง',1.00,1,'wait','2018-07-20 02:20:24'),
	(850,225,'ฉากกั้นอาบน้ำ TEMPERED GLASS  บานเปลื่อย',1.00,'ตู้',1.00,1,'wait','2018-07-20 02:20:24'),
	(851,225,'ฉากกั้นอาบน้ำ กั้นระหว่างห้องชักโครก และห้องอาบน้ำ',1.00,'ตู้',1.00,1,'wait','2018-07-20 02:20:24'),
	(852,226,'วงกบไม้เนื้อแข็ง DEMO',1.00,'1',1.00,1,'wait','2018-07-20 02:20:24'),
	(853,227,'โครงหลังคา Demo',2.00,'1',1.00,2,'wait','2018-07-20 02:38:49'),
	(854,228,'ถังบำบัดน้ำเสีย (EC-3) 1100 ลิตร',5.00,'ใบ',1.00,5,'wait','2018-07-20 02:38:49'),
	(855,229,'อิฐ Q-CON 12.5 Cm.',21.67,'ก้อน',21.67,1,'wait','2018-07-20 02:48:15'),
	(856,229,'อิฐ Q-CON 15 Cm.',26.00,'ก้อน',26.00,1,'wait','2018-07-20 02:48:15'),
	(857,229,'อิฐ Q-CON 7.5 Cm.',13.00,'ก้อน',13.00,1,'wait','2018-07-20 02:48:15'),
	(858,230,'ไม้เชิงชายสำเร็จรูปCONWOOD 8\"  สีงาช้าง',190.00,'แผ่น',190.00,1,'wait','2018-07-20 02:48:15'),
	(859,231,'ราวบันไดกันตก',1.00,'แปลง',1.00,1,'wait','2018-07-20 02:48:15'),
	(860,230,'บัวเชิงผนังสำเร็จรูปCOONWOOD  ขนาด4\" (ระแนงตัดชิ้น สีงาช้าง) หนา 11 mm.',53.00,'แผ่น',53.00,1,'wait','2018-07-20 02:48:15'),
	(861,232,'ฉากกั้นอาบน้ำ กั้นระหว่างห้องชักโครก และห้องอาบน้ำ',1.00,'ตู้',1.00,1,'wait','2018-07-20 02:52:10'),
	(890,243,'แผ่นพื้นสำเร็จรูป ชนิด3ขา(LLไม่น้อยกว่า450kg/m²) ขนาด 0.35 x 3.95 m.',746.56,'แผ่น',373.28,2,'wait','2018-07-20 10:07:02'),
	(891,243,'แผ่นพื้นสำเร็จรูป ชนิด3ขา(LLไม่น้อยกว่า450kg/m²) ขนาด 0.35 x 2.27 m.',1.00,'แผ่น',1.00,1,'wait','2018-07-20 10:07:02'),
	(892,243,'แผ่นพื้นสำเร็จรูป ชนิด3ขา(LLไม่น้อยกว่า200kg/m²) ขนาด 0.35 x 4.13 m.',1377.60,'แผ่น',344.40,4,'wait','2018-07-20 10:07:02'),
	(893,243,'แผ่นพื้นสำเร็จรูป ชนิด3ขา(LLไม่น้อยกว่า200kg/m²) ขนาด 0.35 x 3.60 m.',283.50,'แผ่น',283.50,1,'wait','2018-07-20 10:07:02'),
	(894,243,'แผ่นพื้นสำเร็จรูป ชนิด3ขา(LLไม่น้อยกว่า450kg/m²) ขนาด 0.35 x 2.30 m.',338.10,'แผ่น',338.10,1,'wait','2018-07-20 10:07:02'),
	(895,243,'แผ่นพื้นสำเร็จรูป ชนิด3ขา(LLไม่น้อยกว่า200kg/m²) ขนาด 0.35 x 2.10 m.',154.35,'แผ่น',154.35,1,'wait','2018-07-20 10:07:02'),
	(896,243,'แผ่นพื้นสำเร็จรูป ชนิด3ขา(LLไม่น้อยกว่า200kg/m²) ขนาด 0.35 x 1.83 m.',134.51,'แผ่น',134.51,1,'wait','2018-07-20 10:07:02'),
	(897,243,'แผ่นพื้นสำเร็จรูป ชนิด3ขา(LLไม่น้อยกว่า200kg/m²) ขนาด 0.35 x 1.67 m.',122.75,'แผ่น',122.75,1,'wait','2018-07-20 10:07:02'),
	(898,243,'แผ่นพื้นสำเร็จรูป ชนิด3ขา(LLไม่น้อยกว่า200kg/m²) ขนาด 0.35 x 1.07 m.',0.00,'แผ่น',0.00,1,'wait','2018-07-20 10:07:02'),
	(899,244,'Modern Drain No.MDT 70 ขนาด2\"  (เฉพาะใช้สำหรับงานกระเบื้อง)',1.00,'ชุด',1.00,1,'wait','2018-07-20 10:07:02'),
	(900,243,'แผ่นพื้นสำเร็จรูป ชนิด3ขา(LLไม่น้อยกว่า200kg/m²) ขนาด 0.35 x 1.37 m.',100.70,'แผ่น',100.70,1,'wait','2018-07-20 10:07:02'),
	(901,244,'Modern Drain No.MDT 70 ขนาด2\"  (ตัวฝัง+ฝาใช้สำหรับงานกระเบื้อง)',580.00,'ชุด',580.00,1,'wait','2018-07-20 10:07:02'),
	(902,244,'Modern Drain No.MDR-FN 46 ขนาด2\"   (รุ่นก้นกันกลิ่น)',470.00,'ชุด',470.00,1,'wait','2018-07-20 10:07:02'),
	(903,245,'ถังบำบัดน้ำเสีย (EC-5) 1600 ลิตร',1.00,'ใบ',1.00,1,'wait','2018-07-20 10:07:02'),
	(904,245,'ถังบำบัดน้ำเสีย (EC-3) 1100 ลิตร',1.00,'ใบ',1.00,1,'wait','2018-07-20 10:07:02'),
	(905,245,'ถังดักไขมัน GT.-20UG',1.00,'ใบ',1.00,1,'wait','2018-07-20 10:07:02'),
	(906,245,'ถังดักไขมัน GT.-20UG',1.00,'ใบ',1.00,1,'wait','2018-07-20 10:07:02'),
	(907,246,'โครงหลังคา Demo',1.00,'1',1.00,1,'wait','2018-07-20 10:07:02'),
	(908,247,'ฉากกั้นอาบน้ำ กั้นระหว่างห้องชักโครก และห้องอาบน้ำ',1.00,'ตู้',1.00,1,'wait','2018-07-20 10:07:02'),
	(909,247,'ฉากกั้นอาบน้ำ TEMPERED GLASS  บานเปลื่อย',1.00,'ตู้',1.00,1,'wait','2018-07-20 10:07:02'),
	(910,249,'วงกบ ไม้สังเคราะห์ 2\"x4\"แบบเหลี่ยม บังใบ38 mm.   (80x210 ) HDFCMT8',1.00,'วง',1.00,1,'wait','2018-07-20 10:07:02'),
	(911,248,'วงกบไม้เนื้อแข็ง DEMO',1.00,'1',1.00,1,'wait','2018-07-20 10:07:02'),
	(912,250,'ไม้เชิงชายสำเร็จรูปCONWOOD 8\"  สีงาช้าง',190.00,'แผ่น',190.00,1,'wait','2018-07-20 10:07:54'),
	(913,251,'อิฐ Q-CON 7.5 Cm.',13.00,'ก้อน',13.00,1,'wait','2018-07-20 10:07:54'),
	(914,251,'อิฐ Q-CON 12.5 Cm.',21.67,'ก้อน',21.67,1,'wait','2018-07-20 10:07:54'),
	(915,250,'บัวเชิงผนังสำเร็จรูปCOONWOOD  ขนาด4\" (ระแนงตัดชิ้น สีงาช้าง) หนา 11 mm.',53.00,'แผ่น',53.00,1,'wait','2018-07-20 10:07:54'),
	(916,251,'อิฐ Q-CON 15 Cm.',26.00,'ก้อน',26.00,1,'wait','2018-07-20 10:07:54'),
	(917,252,'ราวบันไดกันตก',1.00,'แปลง',1.00,1,'wait','2018-07-20 10:07:54'),
	(918,253,'Modern Drain No.MDT 70 ขนาด2\"  (ตัวฝัง+ฝาใช้สำหรับงานกระเบื้อง)',580.00,'ชุด',580.00,1,'wait','2018-07-20 10:45:28'),
	(919,253,'Modern Drain No.MDT 70 ขนาด2\"  (เฉพาะใช้สำหรับงานกระเบื้อง)',1.00,'ชุด',1.00,1,'wait','2018-07-20 10:45:28'),
	(920,253,'Modern Drain No.MDR-FN 46 ขนาด2\"   (รุ่นก้นกันกลิ่น)',470.00,'ชุด',470.00,1,'wait','2018-07-20 10:45:28'),
	(921,255,'ถังบำบัดน้ำเสีย (EC-5) 1600 ลิตร',1.00,'ใบ',1.00,1,'wait','2018-07-20 10:45:28'),
	(922,255,'ถังบำบัดน้ำเสีย (EC-3) 1100 ลิตร',1.00,'ใบ',1.00,1,'wait','2018-07-20 10:45:28'),
	(923,255,'ถังดักไขมัน GT.-20UG',1.00,'ใบ',1.00,1,'wait','2018-07-20 10:45:28'),
	(924,255,'ถังดักไขมัน GT.-20UG',1.00,'ใบ',1.00,1,'wait','2018-07-20 10:45:28'),
	(925,254,'แผ่นพื้นสำเร็จรูป ชนิด3ขา(LLไม่น้อยกว่า450kg/m²) ขนาด 0.35 x 3.95 m.',746.56,'แผ่น',373.28,2,'wait','2018-07-20 10:45:28'),
	(926,254,'แผ่นพื้นสำเร็จรูป ชนิด3ขา(LLไม่น้อยกว่า450kg/m²) ขนาด 0.35 x 2.27 m.',1.00,'แผ่น',1.00,1,'wait','2018-07-20 10:45:28'),
	(927,254,'แผ่นพื้นสำเร็จรูป ชนิด3ขา(LLไม่น้อยกว่า200kg/m²) ขนาด 0.35 x 4.13 m.',1377.60,'แผ่น',344.40,4,'wait','2018-07-20 10:45:28'),
	(928,254,'แผ่นพื้นสำเร็จรูป ชนิด3ขา(LLไม่น้อยกว่า200kg/m²) ขนาด 0.35 x 3.60 m.',283.50,'แผ่น',283.50,1,'wait','2018-07-20 10:45:28'),
	(929,254,'แผ่นพื้นสำเร็จรูป ชนิด3ขา(LLไม่น้อยกว่า450kg/m²) ขนาด 0.35 x 2.30 m.',338.10,'แผ่น',338.10,1,'wait','2018-07-20 10:45:28'),
	(930,254,'แผ่นพื้นสำเร็จรูป ชนิด3ขา(LLไม่น้อยกว่า200kg/m²) ขนาด 0.35 x 2.10 m.',154.35,'แผ่น',154.35,1,'wait','2018-07-20 10:45:28'),
	(931,254,'แผ่นพื้นสำเร็จรูป ชนิด3ขา(LLไม่น้อยกว่า200kg/m²) ขนาด 0.35 x 1.83 m.',134.51,'แผ่น',134.51,1,'wait','2018-07-20 10:45:28'),
	(932,254,'แผ่นพื้นสำเร็จรูป ชนิด3ขา(LLไม่น้อยกว่า200kg/m²) ขนาด 0.35 x 1.67 m.',122.75,'แผ่น',122.75,1,'wait','2018-07-20 10:45:28'),
	(933,254,'แผ่นพื้นสำเร็จรูป ชนิด3ขา(LLไม่น้อยกว่า200kg/m²) ขนาด 0.35 x 1.37 m.',100.70,'แผ่น',100.70,1,'wait','2018-07-20 10:45:28'),
	(934,254,'แผ่นพื้นสำเร็จรูป ชนิด3ขา(LLไม่น้อยกว่า200kg/m²) ขนาด 0.35 x 1.07 m.',0.00,'แผ่น',0.00,1,'wait','2018-07-20 10:45:28'),
	(935,256,'โครงหลังคา Demo',1.00,'1',1.00,1,'wait','2018-07-20 10:45:28'),
	(936,257,'วงกบ ไม้สังเคราะห์ 2\"x4\"แบบเหลี่ยม บังใบ38 mm.   (80x210 ) HDFCMT8',1.00,'วง',1.00,1,'wait','2018-07-20 10:45:28'),
	(937,258,'วงกบไม้เนื้อแข็ง DEMO',1.00,'1',1.00,1,'wait','2018-07-20 10:45:28'),
	(938,259,'ฉากกั้นอาบน้ำ TEMPERED GLASS  บานเปลื่อย',1.00,'ตู้',1.00,1,'wait','2018-07-20 10:45:28'),
	(939,259,'ฉากกั้นอาบน้ำ กั้นระหว่างห้องชักโครก และห้องอาบน้ำ',1.00,'ตู้',1.00,1,'wait','2018-07-20 10:45:28'),
	(940,260,'อิฐ Q-CON 12.5 Cm.',21.67,'ก้อน',21.67,1,'wait','2018-07-20 11:17:01'),
	(941,262,'ราวบันไดกันตก',1.00,'แปลง',1.00,1,'wait','2018-07-20 11:39:54'),
	(942,261,'บัวเชิงผนังสำเร็จรูปCOONWOOD  ขนาด4\" (ระแนงตัดชิ้น สีงาช้าง) หนา 11 mm.',53.00,'แผ่น',53.00,1,'wait','2018-07-20 11:39:54'),
	(943,261,'ไม้เชิงชายสำเร็จรูปCONWOOD 8\"  สีงาช้าง',190.00,'แผ่น',190.00,1,'wait','2018-07-20 11:39:54'),
	(944,263,'อิฐ Q-CON 7.5 Cm.',13.00,'ก้อน',13.00,1,'wait','2018-07-20 11:39:54'),
	(945,263,'อิฐ Q-CON 15 Cm.',26.00,'ก้อน',26.00,1,'wait','2018-07-20 11:39:54'),
	(946,263,'อิฐ Q-CON 12.5 Cm.',21.67,'ก้อน',21.67,1,'wait','2018-07-20 11:39:54'),
	(947,264,'Modern Drain No.MDT 70 ขนาด2\"  (เฉพาะใช้สำหรับงานกระเบื้อง)',1.00,'ชุด',1.00,1,'wait','2018-07-21 12:44:40'),
	(948,264,'Modern Drain No.MDT 70 ขนาด2\"  (ตัวฝัง+ฝาใช้สำหรับงานกระเบื้อง)',580.00,'ชุด',580.00,1,'wait','2018-07-21 12:44:40'),
	(949,264,'Modern Drain No.MDR-FN 46 ขนาด2\"   (รุ่นก้นกันกลิ่น)',470.00,'ชุด',470.00,1,'wait','2018-07-21 12:44:40'),
	(950,265,'แผ่นพื้นสำเร็จรูป ชนิด3ขา(LLไม่น้อยกว่า450kg/m²) ขนาด 0.35 x 3.95 m.',746.56,'แผ่น',373.28,2,'wait','2018-07-21 12:44:40'),
	(951,265,'แผ่นพื้นสำเร็จรูป ชนิด3ขา(LLไม่น้อยกว่า450kg/m²) ขนาด 0.35 x 2.27 m.',1.00,'แผ่น',1.00,1,'wait','2018-07-21 12:44:40'),
	(952,265,'แผ่นพื้นสำเร็จรูป ชนิด3ขา(LLไม่น้อยกว่า200kg/m²) ขนาด 0.35 x 3.60 m.',283.50,'แผ่น',283.50,1,'wait','2018-07-21 12:44:40'),
	(953,265,'แผ่นพื้นสำเร็จรูป ชนิด3ขา(LLไม่น้อยกว่า200kg/m²) ขนาด 0.35 x 4.13 m.',1377.60,'แผ่น',344.40,4,'wait','2018-07-21 12:44:40'),
	(954,265,'แผ่นพื้นสำเร็จรูป ชนิด3ขา(LLไม่น้อยกว่า200kg/m²) ขนาด 0.35 x 2.10 m.',154.35,'แผ่น',154.35,1,'wait','2018-07-21 12:44:40'),
	(955,265,'แผ่นพื้นสำเร็จรูป ชนิด3ขา(LLไม่น้อยกว่า200kg/m²) ขนาด 0.35 x 1.83 m.',134.51,'แผ่น',134.51,1,'wait','2018-07-21 12:44:40'),
	(956,265,'แผ่นพื้นสำเร็จรูป ชนิด3ขา(LLไม่น้อยกว่า200kg/m²) ขนาด 0.35 x 1.67 m.',122.75,'แผ่น',122.75,1,'wait','2018-07-21 12:44:40'),
	(957,265,'แผ่นพื้นสำเร็จรูป ชนิด3ขา(LLไม่น้อยกว่า200kg/m²) ขนาด 0.35 x 1.37 m.',100.70,'แผ่น',100.70,1,'wait','2018-07-21 12:44:40'),
	(958,266,'ถังบำบัดน้ำเสีย (EC-3) 1100 ลิตร',1.00,'ใบ',1.00,1,'wait','2018-07-21 12:44:40'),
	(959,266,'ถังบำบัดน้ำเสีย (EC-5) 1600 ลิตร',1.00,'ใบ',1.00,1,'wait','2018-07-21 12:44:40'),
	(960,265,'แผ่นพื้นสำเร็จรูป ชนิด3ขา(LLไม่น้อยกว่า200kg/m²) ขนาด 0.35 x 1.07 m.',0.00,'แผ่น',0.00,1,'wait','2018-07-21 12:44:40'),
	(961,266,'ถังดักไขมัน GT.-20UG',1.00,'ใบ',1.00,1,'wait','2018-07-21 12:44:40'),
	(962,267,'โครงหลังคา Demo',1.00,'1',1.00,1,'wait','2018-07-21 12:44:40'),
	(963,266,'ถังดักไขมัน GT.-20UG',1.00,'ใบ',1.00,1,'wait','2018-07-21 12:44:40'),
	(964,268,'วงกบ ไม้สังเคราะห์ 2\"x4\"แบบเหลี่ยม บังใบ38 mm.   (80x210 ) HDFCMT8',1.00,'วง',1.00,1,'wait','2018-07-21 12:44:40'),
	(965,265,'แผ่นพื้นสำเร็จรูป ชนิด3ขา(LLไม่น้อยกว่า450kg/m²) ขนาด 0.35 x 2.30 m.',338.10,'แผ่น',338.10,1,'wait','2018-07-21 12:44:40'),
	(966,269,'วงกบไม้เนื้อแข็ง DEMO',1.00,'1',1.00,1,'wait','2018-07-21 12:44:40'),
	(967,270,'ฉากกั้นอาบน้ำ TEMPERED GLASS  บานเปลื่อย',1.00,'ตู้',1.00,1,'wait','2018-07-21 12:44:40'),
	(968,270,'ฉากกั้นอาบน้ำ กั้นระหว่างห้องชักโครก และห้องอาบน้ำ',1.00,'ตู้',1.00,1,'wait','2018-07-21 12:44:40'),
	(969,271,'ไม้บันใด',1.00,'แปลง',1.00,1,'wait','2018-07-22 14:09:52'),
	(970,272,'Modern Drain No.MDT 70 ขนาด2\"  (เฉพาะใช้สำหรับงานกระเบื้อง)',1.00,'ชุด',1.00,1,'wait','2018-07-22 14:10:12'),
	(971,273,'ฉากกั้นอาบน้ำ TEMPERED GLASS  บานเปลื่อย',1.00,'ตู้',1.00,1,'wait','2018-07-22 14:10:48'),
	(972,274,'ราวระเบียงกระจก Temperated 12 mm.',1.00,'แปลง',1.00,1,'wait','2018-07-22 14:39:16'),
	(973,275,'อิฐ Q-CON 12.5 Cm.',21.67,'ก้อน',21.67,1,'wait','2018-07-22 14:46:11'),
	(974,276,'ราวบันไดกันตก',1.00,'แปลง',1.00,1,'wait','2018-07-22 14:52:34'),
	(975,277,'Modern Drain No.MDR-FN 46 ขนาด2\"   (รุ่นก้นกันกลิ่น)',470.00,'ชุด',470.00,1,'wait','2018-07-22 23:14:38'),
	(976,277,'Modern Drain No.MDT 70 ขนาด2\"  (เฉพาะใช้สำหรับงานกระเบื้อง)',1.00,'ชุด',1.00,1,'wait','2018-07-22 23:14:38'),
	(977,277,'Modern Drain No.MDT 70 ขนาด2\"  (ตัวฝัง+ฝาใช้สำหรับงานกระเบื้อง)',580.00,'ชุด',580.00,1,'wait','2018-07-22 23:14:38'),
	(978,278,'แผ่นพื้นสำเร็จรูป ชนิด3ขา(LLไม่น้อยกว่า450kg/m²) ขนาด 0.35 x 2.27 m.',1.00,'แผ่น',1.00,1,'wait','2018-07-23 00:22:53'),
	(979,278,'แผ่นพื้นสำเร็จรูป ชนิด3ขา(LLไม่น้อยกว่า200kg/m²) ขนาด 0.35 x 4.13 m.',344.40,'แผ่น',344.40,1,'wait','2018-07-23 00:22:53'),
	(980,278,'แผ่นพื้นสำเร็จรูป ชนิด3ขา(LLไม่น้อยกว่า200kg/m²) ขนาด 0.35 x 3.60 m.',283.50,'แผ่น',283.50,1,'wait','2018-07-23 00:22:53'),
	(981,278,'แผ่นพื้นสำเร็จรูป ชนิด3ขา(LLไม่น้อยกว่า450kg/m²) ขนาด 0.35 x 3.95 m.',373.28,'แผ่น',373.28,1,'wait','2018-07-23 00:22:53'),
	(982,278,'แผ่นพื้นสำเร็จรูป ชนิด3ขา(LLไม่น้อยกว่า450kg/m²) ขนาด 0.35 x 2.30 m.',338.10,'แผ่น',338.10,1,'wait','2018-07-23 00:22:53'),
	(983,278,'แผ่นพื้นสำเร็จรูป ชนิด3ขา(LLไม่น้อยกว่า200kg/m²) ขนาด 0.35 x 2.10 m.',154.35,'แผ่น',154.35,1,'wait','2018-07-23 00:22:53'),
	(984,278,'แผ่นพื้นสำเร็จรูป ชนิด3ขา(LLไม่น้อยกว่า200kg/m²) ขนาด 0.35 x 1.83 m.',134.51,'แผ่น',134.51,1,'wait','2018-07-23 00:22:53'),
	(985,278,'แผ่นพื้นสำเร็จรูป ชนิด3ขา(LLไม่น้อยกว่า200kg/m²) ขนาด 0.35 x 1.67 m.',122.75,'แผ่น',122.75,1,'wait','2018-07-23 00:22:53'),
	(986,278,'แผ่นพื้นสำเร็จรูป ชนิด3ขา(LLไม่น้อยกว่า200kg/m²) ขนาด 0.35 x 1.07 m.',0.00,'แผ่น',0.00,1,'wait','2018-07-23 00:22:53'),
	(987,278,'แผ่นพื้นสำเร็จรูป ชนิด3ขา(LLไม่น้อยกว่า200kg/m²) ขนาด 0.35 x 1.37 m.',100.70,'แผ่น',100.70,1,'wait','2018-07-23 00:22:53'),
	(988,279,'แผ่นพื้นสำเร็จรูป ชนิด3ขา(LLไม่น้อยกว่า450kg/m²) ขนาด 0.35 x 2.27 m.',1.00,'แผ่น',1.00,1,'wait','2018-07-23 00:24:26'),
	(989,279,'แผ่นพื้นสำเร็จรูป ชนิด3ขา(LLไม่น้อยกว่า200kg/m²) ขนาด 0.35 x 4.13 m.',344.40,'แผ่น',344.40,1,'wait','2018-07-23 00:24:26'),
	(990,279,'แผ่นพื้นสำเร็จรูป ชนิด3ขา(LLไม่น้อยกว่า450kg/m²) ขนาด 0.35 x 3.95 m.',373.28,'แผ่น',373.28,1,'wait','2018-07-23 00:24:26'),
	(991,279,'แผ่นพื้นสำเร็จรูป ชนิด3ขา(LLไม่น้อยกว่า450kg/m²) ขนาด 0.35 x 2.30 m.',338.10,'แผ่น',338.10,1,'wait','2018-07-23 00:24:26'),
	(992,279,'แผ่นพื้นสำเร็จรูป ชนิด3ขา(LLไม่น้อยกว่า200kg/m²) ขนาด 0.35 x 2.10 m.',154.35,'แผ่น',154.35,1,'wait','2018-07-23 00:24:26'),
	(993,279,'แผ่นพื้นสำเร็จรูป ชนิด3ขา(LLไม่น้อยกว่า200kg/m²) ขนาด 0.35 x 1.67 m.',122.75,'แผ่น',122.75,1,'wait','2018-07-23 00:24:26'),
	(994,279,'แผ่นพื้นสำเร็จรูป ชนิด3ขา(LLไม่น้อยกว่า200kg/m²) ขนาด 0.35 x 1.83 m.',134.51,'แผ่น',134.51,1,'wait','2018-07-23 00:24:26'),
	(995,279,'แผ่นพื้นสำเร็จรูป ชนิด3ขา(LLไม่น้อยกว่า200kg/m²) ขนาด 0.35 x 1.37 m.',100.70,'แผ่น',100.70,1,'wait','2018-07-23 00:24:26'),
	(996,279,'แผ่นพื้นสำเร็จรูป ชนิด3ขา(LLไม่น้อยกว่า200kg/m²) ขนาด 0.35 x 1.07 m.',0.00,'แผ่น',0.00,111,'wait','2018-07-23 00:24:26'),
	(997,279,'แผ่นพื้นสำเร็จรูป ชนิด3ขา(LLไม่น้อยกว่า200kg/m²) ขนาด 0.35 x 3.60 m.',283.50,'แผ่น',283.50,1,'wait','2018-07-23 00:24:26'),
	(998,280,'แผ่นพื้นสำเร็จรูป ชนิด3ขา(LLไม่น้อยกว่า450kg/m²) ขนาด 0.35 x 3.95 m.',45913.44,'แผ่น',373.28,123,'wait','2018-07-23 00:26:10'),
	(999,280,'แผ่นพื้นสำเร็จรูป ชนิด3ขา(LLไม่น้อยกว่า200kg/m²) ขนาด 0.35 x 4.13 m.',344.40,'แผ่น',344.40,1,'wait','2018-07-23 00:26:10'),
	(1000,280,'แผ่นพื้นสำเร็จรูป ชนิด3ขา(LLไม่น้อยกว่า450kg/m²) ขนาด 0.35 x 2.27 m.',1.00,'แผ่น',1.00,1,'wait','2018-07-23 00:26:10'),
	(1001,280,'แผ่นพื้นสำเร็จรูป ชนิด3ขา(LLไม่น้อยกว่า450kg/m²) ขนาด 0.35 x 2.30 m.',338.10,'แผ่น',338.10,1,'wait','2018-07-23 00:26:10'),
	(1002,280,'แผ่นพื้นสำเร็จรูป ชนิด3ขา(LLไม่น้อยกว่า200kg/m²) ขนาด 0.35 x 3.60 m.',283.50,'แผ่น',283.50,1,'wait','2018-07-23 00:26:10'),
	(1003,280,'แผ่นพื้นสำเร็จรูป ชนิด3ขา(LLไม่น้อยกว่า200kg/m²) ขนาด 0.35 x 1.67 m.',122.75,'แผ่น',122.75,1,'wait','2018-07-23 00:26:10'),
	(1004,280,'แผ่นพื้นสำเร็จรูป ชนิด3ขา(LLไม่น้อยกว่า200kg/m²) ขนาด 0.35 x 1.83 m.',134.51,'แผ่น',134.51,1,'wait','2018-07-23 00:26:10'),
	(1005,280,'แผ่นพื้นสำเร็จรูป ชนิด3ขา(LLไม่น้อยกว่า200kg/m²) ขนาด 0.35 x 2.10 m.',154.35,'แผ่น',154.35,1,'wait','2018-07-23 00:26:10'),
	(1006,280,'แผ่นพื้นสำเร็จรูป ชนิด3ขา(LLไม่น้อยกว่า200kg/m²) ขนาด 0.35 x 1.37 m.',100.70,'แผ่น',100.70,1,'wait','2018-07-23 00:26:10'),
	(1007,280,'แผ่นพื้นสำเร็จรูป ชนิด3ขา(LLไม่น้อยกว่า200kg/m²) ขนาด 0.35 x 1.07 m.',0.00,'แผ่น',0.00,1,'wait','2018-07-23 00:26:10'),
	(1008,281,'ราวระเบียงกระจก Temperated 12 mm.',1.00,'แปลง',1.00,1,'wait','2018-07-23 00:26:47'),
	(1009,282,'แผ่นพื้นสำเร็จรูป ชนิด3ขา(LLไม่น้อยกว่า450kg/m²) ขนาด 0.35 x 3.95 m.',373.28,'แผ่น',373.28,1,'wait','2018-07-23 00:28:55'),
	(1010,282,'แผ่นพื้นสำเร็จรูป ชนิด3ขา(LLไม่น้อยกว่า450kg/m²) ขนาด 0.35 x 2.27 m.',1.00,'แผ่น',1.00,1,'wait','2018-07-23 00:28:55'),
	(1011,282,'แผ่นพื้นสำเร็จรูป ชนิด3ขา(LLไม่น้อยกว่า200kg/m²) ขนาด 0.35 x 4.13 m.',344.40,'แผ่น',344.40,1,'wait','2018-07-23 00:28:55'),
	(1012,282,'แผ่นพื้นสำเร็จรูป ชนิด3ขา(LLไม่น้อยกว่า200kg/m²) ขนาด 0.35 x 2.10 m.',154.35,'แผ่น',154.35,1,'wait','2018-07-23 00:28:55'),
	(1013,282,'แผ่นพื้นสำเร็จรูป ชนิด3ขา(LLไม่น้อยกว่า450kg/m²) ขนาด 0.35 x 2.30 m.',338.10,'แผ่น',338.10,1,'wait','2018-07-23 00:28:55'),
	(1014,282,'แผ่นพื้นสำเร็จรูป ชนิด3ขา(LLไม่น้อยกว่า200kg/m²) ขนาด 0.35 x 1.83 m.',134.51,'แผ่น',134.51,1,'wait','2018-07-23 00:28:55'),
	(1015,282,'แผ่นพื้นสำเร็จรูป ชนิด3ขา(LLไม่น้อยกว่า200kg/m²) ขนาด 0.35 x 1.67 m.',122.75,'แผ่น',122.75,1,'wait','2018-07-23 00:28:55'),
	(1016,282,'แผ่นพื้นสำเร็จรูป ชนิด3ขา(LLไม่น้อยกว่า200kg/m²) ขนาด 0.35 x 1.37 m.',100.70,'แผ่น',100.70,1,'wait','2018-07-23 00:28:55'),
	(1017,282,'แผ่นพื้นสำเร็จรูป ชนิด3ขา(LLไม่น้อยกว่า200kg/m²) ขนาด 0.35 x 1.07 m.',0.00,'แผ่น',0.00,1,'wait','2018-07-23 00:28:55'),
	(1018,282,'แผ่นพื้นสำเร็จรูป ชนิด3ขา(LLไม่น้อยกว่า200kg/m²) ขนาด 0.35 x 3.60 m.',283.50,'แผ่น',283.50,1,'wait','2018-07-23 00:28:55'),
	(1019,283,'แผ่นพื้นสำเร็จรูป ชนิด3ขา(LLไม่น้อยกว่า450kg/m²) ขนาด 0.35 x 3.95 m.',373.28,'แผ่น',373.28,1,'wait','2018-07-23 00:30:49'),
	(1020,283,'แผ่นพื้นสำเร็จรูป ชนิด3ขา(LLไม่น้อยกว่า450kg/m²) ขนาด 0.35 x 2.27 m.',1.00,'แผ่น',1.00,1,'wait','2018-07-23 00:30:49'),
	(1021,283,'แผ่นพื้นสำเร็จรูป ชนิด3ขา(LLไม่น้อยกว่า200kg/m²) ขนาด 0.35 x 4.13 m.',344.40,'แผ่น',344.40,1,'wait','2018-07-23 00:30:49'),
	(1022,283,'แผ่นพื้นสำเร็จรูป ชนิด3ขา(LLไม่น้อยกว่า200kg/m²) ขนาด 0.35 x 3.60 m.',283.50,'แผ่น',283.50,1,'wait','2018-07-23 00:30:49'),
	(1023,283,'แผ่นพื้นสำเร็จรูป ชนิด3ขา(LLไม่น้อยกว่า450kg/m²) ขนาด 0.35 x 2.30 m.',338.10,'แผ่น',338.10,1,'wait','2018-07-23 00:30:49'),
	(1024,283,'แผ่นพื้นสำเร็จรูป ชนิด3ขา(LLไม่น้อยกว่า200kg/m²) ขนาด 0.35 x 2.10 m.',154.35,'แผ่น',154.35,1,'wait','2018-07-23 00:30:49'),
	(1025,283,'แผ่นพื้นสำเร็จรูป ชนิด3ขา(LLไม่น้อยกว่า200kg/m²) ขนาด 0.35 x 1.83 m.',134.51,'แผ่น',134.51,1,'wait','2018-07-23 00:30:49'),
	(1026,283,'แผ่นพื้นสำเร็จรูป ชนิด3ขา(LLไม่น้อยกว่า200kg/m²) ขนาด 0.35 x 1.67 m.',122.75,'แผ่น',122.75,1,'wait','2018-07-23 00:30:49'),
	(1027,283,'แผ่นพื้นสำเร็จรูป ชนิด3ขา(LLไม่น้อยกว่า200kg/m²) ขนาด 0.35 x 1.37 m.',100.70,'แผ่น',100.70,1,'wait','2018-07-23 00:30:49'),
	(1028,283,'แผ่นพื้นสำเร็จรูป ชนิด3ขา(LLไม่น้อยกว่า200kg/m²) ขนาด 0.35 x 1.07 m.',0.00,'แผ่น',0.00,1,'wait','2018-07-23 00:30:49'),
	(1029,284,'ไม้บันใด',1.00,'แปลง',1.00,1,'wait','2018-07-23 00:34:40'),
	(1030,285,'ราวระเบียงกระจก Temperated 12 mm.',1.00,'แปลง',1.00,1,'wait','2018-07-23 00:35:17'),
	(1031,286,'แผ่นพื้นสำเร็จรูป ชนิด3ขา(LLไม่น้อยกว่า200kg/m²) ขนาด 0.35 x 4.13 m.',1377.60,'แผ่น',344.40,4,'wait','2018-07-23 00:40:22'),
	(1032,286,'แผ่นพื้นสำเร็จรูป ชนิด3ขา(LLไม่น้อยกว่า450kg/m²) ขนาด 0.35 x 3.95 m.',746.56,'แผ่น',373.28,2,'wait','2018-07-23 00:40:22'),
	(1033,286,'แผ่นพื้นสำเร็จรูป ชนิด3ขา(LLไม่น้อยกว่า450kg/m²) ขนาด 0.35 x 2.27 m.',1.00,'แผ่น',1.00,1,'wait','2018-07-23 00:40:22'),
	(1034,286,'แผ่นพื้นสำเร็จรูป ชนิด3ขา(LLไม่น้อยกว่า200kg/m²) ขนาด 0.35 x 3.60 m.',283.50,'แผ่น',283.50,1,'wait','2018-07-23 00:40:22'),
	(1035,286,'แผ่นพื้นสำเร็จรูป ชนิด3ขา(LLไม่น้อยกว่า200kg/m²) ขนาด 0.35 x 2.10 m.',154.35,'แผ่น',154.35,1,'wait','2018-07-23 00:40:22'),
	(1036,286,'แผ่นพื้นสำเร็จรูป ชนิด3ขา(LLไม่น้อยกว่า450kg/m²) ขนาด 0.35 x 2.30 m.',338.10,'แผ่น',338.10,1,'wait','2018-07-23 00:40:22'),
	(1037,286,'แผ่นพื้นสำเร็จรูป ชนิด3ขา(LLไม่น้อยกว่า200kg/m²) ขนาด 0.35 x 1.83 m.',134.51,'แผ่น',134.51,1,'wait','2018-07-23 00:40:22'),
	(1038,286,'แผ่นพื้นสำเร็จรูป ชนิด3ขา(LLไม่น้อยกว่า200kg/m²) ขนาด 0.35 x 1.67 m.',122.75,'แผ่น',122.75,1,'wait','2018-07-23 00:40:22'),
	(1039,287,'Modern Drain No.MDT 70 ขนาด2\"  (เฉพาะใช้สำหรับงานกระเบื้อง)',1.00,'ชุด',1.00,1,'wait','2018-07-23 00:40:22'),
	(1040,286,'แผ่นพื้นสำเร็จรูป ชนิด3ขา(LLไม่น้อยกว่า200kg/m²) ขนาด 0.35 x 1.07 m.',0.00,'แผ่น',0.00,1,'wait','2018-07-23 00:40:22'),
	(1041,286,'แผ่นพื้นสำเร็จรูป ชนิด3ขา(LLไม่น้อยกว่า200kg/m²) ขนาด 0.35 x 1.37 m.',100.70,'แผ่น',100.70,1,'wait','2018-07-23 00:40:22'),
	(1042,287,'Modern Drain No.MDR-FN 46 ขนาด2\"   (รุ่นก้นกันกลิ่น)',470.00,'ชุด',470.00,1,'wait','2018-07-23 00:40:22'),
	(1043,288,'ถังบำบัดน้ำเสีย (EC-5) 1600 ลิตร',1.00,'ใบ',1.00,1,'wait','2018-07-23 00:40:22'),
	(1044,288,'ถังบำบัดน้ำเสีย (EC-3) 1100 ลิตร',1.00,'ใบ',1.00,1,'wait','2018-07-23 00:40:22'),
	(1045,288,'ถังดักไขมัน GT.-20UG',1.00,'ใบ',1.00,1,'wait','2018-07-23 00:40:22'),
	(1046,288,'ถังดักไขมัน GT.-20UG',1.00,'ใบ',1.00,1,'wait','2018-07-23 00:40:22'),
	(1047,289,'โครงหลังคา Demo',1.00,'1',1.00,1,'wait','2018-07-23 00:40:22'),
	(1048,290,'วงกบ ไม้สังเคราะห์ 2\"x4\"แบบเหลี่ยม บังใบ38 mm.   (80x210 ) HDFCMT8',1.00,'วง',1.00,1,'wait','2018-07-23 00:40:22'),
	(1049,291,'วงกบไม้เนื้อแข็ง DEMO',1.00,'1',1.00,1,'wait','2018-07-23 00:40:22'),
	(1050,292,'ฉากกั้นอาบน้ำ กั้นระหว่างห้องชักโครก และห้องอาบน้ำ',1.00,'ตู้',1.00,1,'wait','2018-07-23 00:40:22'),
	(1051,292,'ฉากกั้นอาบน้ำ TEMPERED GLASS  บานเปลื่อย',1.00,'ตู้',1.00,1,'wait','2018-07-23 00:40:22'),
	(1052,287,'Modern Drain No.MDT 70 ขนาด2\"  (ตัวฝัง+ฝาใช้สำหรับงานกระเบื้อง)',580.00,'ชุด',580.00,1,'wait','2018-07-23 00:40:22'),
	(1053,293,'ราวระเบียงกระจก Temperated 12 mm.',1.00,'แปลง',1.00,1,'wait','2018-07-27 01:21:36'),
	(1054,294,'ไม้บันใด',1.00,'แปลง',1.00,1,'wait','2018-07-27 01:22:09');

/*!40000 ALTER TABLE `ordering_detail` ENABLE KEYS */;
UNLOCK TABLES;


# Dump of table project
# ------------------------------------------------------------

DROP TABLE IF EXISTS `project`;

CREATE TABLE `project` (
  `id` int(11) NOT NULL AUTO_INCREMENT,
  `code` varchar(45) NOT NULL DEFAULT '0',
  `name` varchar(100) NOT NULL,
  `type` varchar(45) NOT NULL,
  `created_at` datetime NOT NULL DEFAULT CURRENT_TIMESTAMP,
  `status` enum('ready','ip','done') NOT NULL DEFAULT 'ready',
  `address` varchar(100) DEFAULT NULL,
  PRIMARY KEY (`id`)
) ENGINE=InnoDB DEFAULT CHARSET=utf8;

LOCK TABLES `project` WRITE;
/*!40000 ALTER TABLE `project` DISABLE KEYS */;

INSERT INTO `project` (`id`, `code`, `name`, `type`, `created_at`, `status`, `address`)
VALUES
	(8,'LC0001','มัณฑนา บางนา กม.7','1','2018-05-29 10:36:24','ip','test'),
	(9,'FB0003','มัณฑนา อ่อนนุช วงแหวน4','1','2018-05-20 13:43:16','ip',NULL),
	(10,'AC0001','มัณฑนา ศรีนครินทร์ ร่มเกล้า','1','2018-05-20 13:43:12','ip',NULL),
	(11,'NC0001','นันทวัน บางนา กม.7','2','2018-05-02 00:13:43','done',NULL),
	(12,'N5','นันทวัน รามอินทรา พหลโยธิน 50','2','2018-06-09 14:02:32','ip','พหลโยธิน 50');

/*!40000 ALTER TABLE `project` ENABLE KEYS */;
UNLOCK TABLES;


# Dump of table store
# ------------------------------------------------------------

DROP TABLE IF EXISTS `store`;

CREATE TABLE `store` (
  `id` int(11) NOT NULL AUTO_INCREMENT,
  `name` varchar(100) NOT NULL,
  `type` varchar(100) DEFAULT NULL,
  `contact` varchar(45) DEFAULT NULL,
  `fax` varchar(45) DEFAULT NULL,
  `tel` varchar(45) NOT NULL,
  `address` text,
  `created_at` datetime NOT NULL DEFAULT CURRENT_TIMESTAMP,
  PRIMARY KEY (`id`)
) ENGINE=InnoDB DEFAULT CHARSET=utf8;

LOCK TABLES `store` WRITE;
/*!40000 ALTER TABLE `store` DISABLE KEYS */;

INSERT INTO `store` (`id`, `name`, `type`, `contact`, `fax`, `tel`, `address`, `created_at`)
VALUES
	(30,'พีซีเอ็ม คอนสตรัคชั่นแมททีเรียล จำกัด','แผ่นพื้นสำเร็จรูป','คุณหนู','02-9870671','02-9870671','','2018-06-08 17:48:25'),
	(31,'เมโทรโปลิแทน  โปรดักส์  จำกัด','เสาเข็ม','คุณ จวง                  ','02-517-5167','02-517-5167','','2018-06-01 18:30:47'),
	(32,'ควอลิตี้คอนสตรัคชั่นโปรดักส์  จำกัด (มหาชน)','อิฐมวลเบา','คุณ ตาล','035-258948','035-258948','','2018-06-01 18:35:16'),
	(33,'บริษัทโมเดร์น เอเวอร์นิว','ตะแกรงระบายน้ำ(Modern Drain)','','','','','2018-07-04 23:44:27'),
	(34,'SPV','เชิงชาย/ผนังไม้ประดับ/ไม้บัว(CONWOOD)','คุณอุ้ม','02-8962744','','','2018-07-04 23:49:15'),
	(36,'พรีเมียร์ โพร์ดักส์ จำกัด','ถังบำบัดน้ำเสีย/ถังเก็บน้ำ(PP)','คุณ เจษฏา','02-3012306','02-3012306','','2018-07-15 22:56:09'),
	(37,'ร้านเหล็กโครงหลังคา DEMO','เหล็กโครงหลังคา','moo','0987736475','0987736475','','2018-07-15 23:04:49'),
	(38,'พาราซโซ่ กรุ๊ป (ประเทศไทย)  จำกัด','วงกบประตู (UPVC)','คุณ  เอ๋','02-2853937','02-2853937','','2018-07-15 23:07:48'),
	(39,'ร้านวงกบไม้เนื้อแข็ง DEMO','วงกบไม้เนื้อแข็ง','moo','','0987746576','','2018-07-15 23:14:42'),
	(40,'แกรนด์โฮม','กระเบื้อง/สุขภัณฑ์/ฉากกั้นอาบน้ำ','คุณโบว์','02-5805114','02-5805114','','2018-07-15 23:16:42'),
	(41,'A-BLE HOUSEWARES CO.,LTD.','บันได/ราวบันได(A-BLE)','คุณติ๊ก','02-4291775','02-4291775','','2018-07-15 23:23:40'),
	(42,'หจก.โรงเลื่อยจักรท่าเสา','บันได(ท่าเสา)','คุณ  มล','055-412479','055-412479','','2018-07-15 23:27:30'),
	(43,'มักกะสัน สเตนเลสสตีล จำกัด','ราวระเบียงกระจก Temperated ','คุณ คมดี','02-487-5495,034-867633','02-487-5495,034-867633','','2018-07-15 23:34:01');

/*!40000 ALTER TABLE `store` ENABLE KEYS */;
UNLOCK TABLES;


# Dump of table user
# ------------------------------------------------------------

DROP TABLE IF EXISTS `user`;

CREATE TABLE `user` (
  `id` int(11) NOT NULL AUTO_INCREMENT,
  `name` varchar(50) NOT NULL,
  `username` varchar(15) NOT NULL,
  `password` varchar(255) NOT NULL,
  `email` varchar(50) DEFAULT NULL,
  `phone` varchar(10) DEFAULT NULL,
  `address` varchar(45) DEFAULT NULL,
  `position` enum('ADMIN','PURCHASING','TECHNICIAN') NOT NULL,
  `created_at` datetime DEFAULT CURRENT_TIMESTAMP,
  PRIMARY KEY (`id`),
  UNIQUE KEY `id_UNIQUE` (`id`),
  UNIQUE KEY `username_UNIQUE` (`username`)
) ENGINE=InnoDB DEFAULT CHARSET=utf8;

LOCK TABLES `user` WRITE;
/*!40000 ALTER TABLE `user` DISABLE KEYS */;

INSERT INTO `user` (`id`, `name`, `username`, `password`, `email`, `phone`, `address`, `position`, `created_at`)
VALUES
	(8,'ปกครอง','pokkrong','$2b$10$hf2.HhHw/JaSgWcu8QquTuN1GA1yfenagDWDItYntrpFDPo2BTFse','pokkrong@gmail.com','012374857','test','ADMIN','2018-07-08 14:38:37'),
	(9,'หัวหน้างาน1','technician1','$2b$10$jJuyLnIKVmkbqROIUgaWqOUcmNoxtBcZrk7r9czhPHr1B4Wborjtq','technician@gmail.com','0987763545','','TECHNICIAN','2018-07-16 23:31:41'),
	(10,'ฝ่ายจัดซื้อ1','purchasing1','$2b$10$zGkGre2FOL1pwQDm9SbMWue/nwqklQeMok8ydWj2K3aPYmwaw7NKe','purchasing@gmail.com','0987774653','','PURCHASING','2018-07-16 23:32:09'),
	(11,'หัวหน้างาน2','technician2','$2b$10$PRHVfZ0mqJx03EfmAWsV9OUxYjtdVcD3uMwfTecJ0uneLjB1/Uha2','technician2@gmail.com','0298847586','test','TECHNICIAN','2018-07-17 00:53:41');

/*!40000 ALTER TABLE `user` ENABLE KEYS */;
UNLOCK TABLES;


# Dump of table work_order
# ------------------------------------------------------------

DROP TABLE IF EXISTS `work_order`;

CREATE TABLE `work_order` (
  `id` int(11) NOT NULL AUTO_INCREMENT,
  `time` tinyint(2) NOT NULL,
  `pre_order` int(11) DEFAULT NULL,
  `created_at` datetime NOT NULL DEFAULT CURRENT_TIMESTAMP,
  PRIMARY KEY (`id`)
) ENGINE=InnoDB DEFAULT CHARSET=utf8;

LOCK TABLES `work_order` WRITE;
/*!40000 ALTER TABLE `work_order` DISABLE KEYS */;

INSERT INTO `work_order` (`id`, `time`, `pre_order`, `created_at`)
VALUES
	(1,1,7,'2018-07-15 23:44:04'),
	(2,2,3,'2018-07-20 11:54:45'),
	(14,3,0,'2018-07-09 00:01:36'),
	(15,4,0,'2018-07-09 00:01:54'),
	(16,5,0,'2018-07-09 00:04:28'),
	(17,6,0,'2018-07-09 00:04:44'),
	(18,7,0,'2018-07-09 00:05:07'),
	(19,8,0,'2018-07-09 00:05:24'),
	(20,9,0,'2018-07-09 00:05:37'),
	(21,10,0,'2018-07-09 00:05:44');

/*!40000 ALTER TABLE `work_order` ENABLE KEYS */;
UNLOCK TABLES;


# Dump of table work_order_detail
# ------------------------------------------------------------

DROP TABLE IF EXISTS `work_order_detail`;

CREATE TABLE `work_order_detail` (
  `id` int(11) NOT NULL AUTO_INCREMENT,
  `work_order_time` tinyint(2) NOT NULL,
  `order` tinyint(2) NOT NULL,
  `name` varchar(100) NOT NULL,
  `post_order` int(11) DEFAULT NULL,
  `created_at` datetime NOT NULL DEFAULT CURRENT_TIMESTAMP,
  PRIMARY KEY (`id`)
) ENGINE=InnoDB DEFAULT CHARSET=utf8;

LOCK TABLES `work_order_detail` WRITE;
/*!40000 ALTER TABLE `work_order_detail` DISABLE KEYS */;

INSERT INTO `work_order_detail` (`id`, `work_order_time`, `order`, `name`, `post_order`, `created_at`)
VALUES
	(620,3,1,' งานก่ออิฐ 100%',NULL,'2018-07-09 00:01:36'),
	(621,3,3,'งานบัวผนังภายนอก',NULL,'2018-07-09 00:01:36'),
	(622,3,2,'งานฉาบปูน (ไม่รวมผนังในห้องน้ำ)',NULL,'2018-07-09 00:01:36'),
	(623,4,1,' งานผนังห้องน้ำบน-ล่างและเคาน์เตอร์ครัว',NULL,'2018-07-09 00:01:54'),
	(624,4,3,'งานฝ้าภายนอกรอบบน100%',NULL,'2018-07-09 00:01:54'),
	(625,4,2,'งานร้อยสายไฟภายในอาคาร',NULL,'2018-07-09 00:01:54'),
	(646,5,2,' งานโครงฝ้าภายในอาคาร(ชั้นล่าง)',NULL,'2018-07-09 00:04:28'),
	(647,5,4,'สีภายนอกช่วงบน',NULL,'2018-07-09 00:04:28'),
	(648,5,1,' งานโครงฝ้าภายในอาคาร(ชั้นล่าง)',NULL,'2018-07-09 00:04:28'),
	(649,5,3,'งานมุงหลังคารอบล่าง',NULL,'2018-07-09 00:04:28'),
	(650,6,2,' งานบันไดไม้50%(เสา,ราวลูกกรง)',NULL,'2018-07-09 00:04:44'),
	(651,6,4,'งานฝ้าภายนอกรอบล่างทั้งหมด',NULL,'2018-07-09 00:04:44'),
	(652,6,1,'งานหน้าต่างชั้นบน',NULL,'2018-07-09 00:04:44'),
	(653,6,3,'งานท่อภายนอกทั้งหมด',NULL,'2018-07-09 00:04:44'),
	(654,6,5,'งานฝ้าภายใน100%',NULL,'2018-07-09 00:04:44'),
	(655,7,2,'งานสีภายใน รองพื้น แต่งผิว',NULL,'2018-07-09 00:05:07'),
	(656,7,1,' งานสีจริงภายนอกช่วงล่าง80%',NULL,'2018-07-09 00:05:07'),
	(657,7,3,'งานบันไดไม้100%(ลูกนอน+ชานพัก)',NULL,'2018-07-09 00:05:07'),
	(658,7,4,'งานปูพื้นผิวชั้นล่างและห้องน้ำชั้นล่าง',NULL,'2018-07-09 00:05:07'),
	(659,7,5,'งานถนน+ซักล้าง',NULL,'2018-07-09 00:05:07'),
	(660,8,2,' งานไฟฟ้า (อุปกรณ์)',NULL,'2018-07-09 00:05:24'),
	(661,8,1,' ติดตั้งไม้พื้นสำเร็จรูปลามิเนต',NULL,'2018-07-09 00:05:24'),
	(662,8,3,' งานประตู+หน้าต่าง100%',NULL,'2018-07-09 00:05:24'),
	(663,8,4,' งานสุขภัณฑ์และอุปกรณ์',NULL,'2018-07-09 00:05:24'),
	(664,9,2,' *เก็บทำความสะอาด(ส่งงวด9)',NULL,'2018-07-09 00:05:37'),
	(665,9,1,' เก็บงานสีก่อนหมวด 6',NULL,'2018-07-09 00:05:37'),
	(666,10,1,' สั่งจ่ายงวด 10',NULL,'2018-07-09 00:05:44'),
	(711,1,1,'ทำสัญญาก่อสร้าง',3,'2018-07-15 23:44:04'),
	(712,1,2,' ถังบำบัดน้ำเสีย-บ่อดักไขมัน-ถังเก็บน้ำใต้ดิน',4,'2018-07-15 23:44:04'),
	(713,1,3,'งานเดินท่อประปาใต้อาคาร',5,'2018-07-15 23:44:04'),
	(714,1,4,'งานเทพื้นชั้น 1 100%',6,'2018-07-15 23:44:04'),
	(715,1,5,'งานโครงหลังคารอบบน',8,'2018-07-15 23:44:04'),
	(716,2,1,'งานเชิงชาย+ผนังไม้สำเร็จรูป',9,'2018-07-20 11:54:45'),
	(717,2,2,' งานหล่อเคาน์เตอร์ครัว',NULL,'2018-07-20 11:54:45'),
	(718,2,3,' งานเดินท่อประปาภายในอาคาร',NULL,'2018-07-20 11:54:45'),
	(719,2,4,'มุงหลังคารอบบน',NULL,'2018-07-20 11:54:45');

/*!40000 ALTER TABLE `work_order_detail` ENABLE KEYS */;
UNLOCK TABLES;


# Dump of table work_order_preiod
# ------------------------------------------------------------

DROP TABLE IF EXISTS `work_order_preiod`;

CREATE TABLE `work_order_preiod` (
  `id` int(11) NOT NULL AUTO_INCREMENT,
  `work_order_time` int(11) NOT NULL,
  `order` int(11) NOT NULL,
  `house_id` varchar(100) NOT NULL,
  `preiod` tinyint(3) DEFAULT NULL,
  `preiod_end` tinyint(3) DEFAULT NULL,
  `condition` tinyint(2) DEFAULT NULL,
  `created_at` datetime NOT NULL DEFAULT CURRENT_TIMESTAMP,
  PRIMARY KEY (`id`)
) ENGINE=InnoDB DEFAULT CHARSET=utf8;

LOCK TABLES `work_order_preiod` WRITE;
/*!40000 ALTER TABLE `work_order_preiod` DISABLE KEYS */;

INSERT INTO `work_order_preiod` (`id`, `work_order_time`, `order`, `house_id`, `preiod`, `preiod_end`, `condition`, `created_at`)
VALUES
	(1,1,1,'198PWY',0,0,0,'2018-07-08 16:30:33'),
	(2,1,1,'119PWY',10,NULL,1,'2018-07-08 16:31:17'),
	(3,1,1,'237PWY',9,NULL,1,'2018-07-08 16:31:17'),
	(4,1,2,'198PWY',15,3,1,'2018-07-08 22:03:36'),
	(5,1,4,'198PWY',9,7,1,'2018-07-08 22:03:36'),
	(6,1,3,'198PWY',0,7,1,'2018-07-08 22:03:36'),
	(7,1,5,'198PWY',8,4,1,'2018-07-08 22:03:36'),
	(12,1,2,'169PWY',13,NULL,1,'2018-07-08 22:05:09'),
	(13,1,1,'169PWY',13,NULL,1,'2018-07-08 22:05:09'),
	(14,1,3,'169PWY',13,NULL,1,'2018-07-08 22:05:09'),
	(15,1,4,'169PWY',13,NULL,1,'2018-07-08 22:05:09'),
	(16,1,5,'169PWY',13,NULL,1,'2018-07-08 22:05:09'),
	(17,2,4,'198PWY',0,0,NULL,'2018-07-08 22:54:01'),
	(18,2,3,'198PWY',1,7,3,'2018-07-08 22:54:01'),
	(19,2,1,'198PWY',11,5,5,'2018-07-08 22:54:01'),
	(20,2,2,'198PWY',1,5,5,'2018-07-08 22:54:01'),
	(21,3,2,'198PWY',4,9,10,'2018-07-08 22:58:24'),
	(22,3,1,'198PWY',4,9,8,'2018-07-08 22:58:24'),
	(23,3,3,'198PWY',1,4,10,'2018-07-08 22:58:24'),
	(24,4,1,'198PWY',0,14,11,'2018-07-08 22:58:43'),
	(25,4,2,'198PWY',9,5,11,'2018-07-08 22:58:43'),
	(26,4,3,'198PWY',4,10,11,'2018-07-08 22:58:43'),
	(27,5,2,'198PWY',1,5,13,'2018-07-08 22:59:31'),
	(28,5,3,'198PWY',0,0,NULL,'2018-07-08 22:59:31'),
	(29,5,1,'198PWY',0,12,15,'2018-07-08 22:59:31'),
	(30,5,4,'198PWY',7,15,11,'2018-07-08 22:59:31'),
	(31,6,2,'198PWY',2,2,17,'2018-07-08 23:00:07'),
	(32,6,1,'198PWY',0,0,NULL,'2018-07-08 23:00:07'),
	(33,6,3,'198PWY',8,3,19,'2018-07-08 23:00:07'),
	(34,6,4,'198PWY',0,4,16,'2018-07-08 23:00:07'),
	(35,6,5,'198PWY',0,11,23,'2018-07-08 23:00:07'),
	(36,7,1,'198PWY',0,10,24,'2018-07-08 23:01:07'),
	(37,7,3,'198PWY',0,7,21,'2018-07-08 23:01:07'),
	(38,7,2,'198PWY',0,15,25,'2018-07-08 23:01:07'),
	(39,7,4,'198PWY',11,25,17,'2018-07-08 23:01:07'),
	(40,7,5,'198PWY',8,7,22,'2018-07-08 23:01:07'),
	(41,8,1,'198PWY',0,0,NULL,'2018-07-08 23:01:49'),
	(42,8,3,'198PWY',10,7,28,'2018-07-08 23:01:49'),
	(43,8,2,'198PWY',30,5,14,'2018-07-08 23:01:49'),
	(44,8,4,'198PWY',16,9,28,'2018-07-08 23:01:49'),
	(45,9,1,'198PWY',0,15,26,'2018-07-08 23:02:06'),
	(46,9,2,'198PWY',0,12,33,'2018-07-08 23:02:06'),
	(47,10,1,'198PWY',0,15,35,'2018-07-08 23:02:27');

/*!40000 ALTER TABLE `work_order_preiod` ENABLE KEYS */;
UNLOCK TABLES;



/*!40111 SET SQL_NOTES=@OLD_SQL_NOTES */;
/*!40101 SET SQL_MODE=@OLD_SQL_MODE */;
/*!40014 SET FOREIGN_KEY_CHECKS=@OLD_FOREIGN_KEY_CHECKS */;
/*!40101 SET CHARACTER_SET_CLIENT=@OLD_CHARACTER_SET_CLIENT */;
/*!40101 SET CHARACTER_SET_RESULTS=@OLD_CHARACTER_SET_RESULTS */;
/*!40101 SET COLLATION_CONNECTION=@OLD_COLLATION_CONNECTION */;
